nom,cas
Bunia,1754
Rwampara,1097
Nizi,783
Mongbwalu,705
Katwa,571
Beni,367
Mangala,362
Nia-Nia,305
Lita,288
Butembo,270
Bambu,202
Komanda,170
Mandima,152
Nyankunde,129
Musienene,126
Wamba,112
Isiro,102
Pawa,87
Fataki,82
Tchomia,76
Kalunguta,57
Boma Mangbetu,41
Damas,40
Mabalako,38
Kilo,37
Nia Nia,35
Lolwa,34
Kyondo,33
Mambasa,32
Vuhovi,32
Masereka,31
Oicha,29
Makiso-Kisangani,25
Lubero,21
Biena,19
Drodro,15
Mutwanga,15
Logo,13
Manguredjipa,13
Aungba,12
Rimba,12
Adja,11
Ariwara,8
Aru,8
Bafwasende,7
Gety,7
Mangobo,6
Viadana,6
Kabondo,5
Mahagi,4
Rumba,4
Ganga,3
Gombari,3
Makiso Kisangani,3
Miti Murhesa,3
Miti-Murhesa,3
Rungu,3
Boga,2
Bulu,2
Kambala,2
Buta,1
Dungu,1
Goma,1
Kayna,1
Lubunga,1
Lubunga (Tshopo),1
Tshopo,1
Wanierukula,1
Karisimbi,0
