"timestamp","sitrep_no","pdf_url","status","http_code","content_type","size_kb","note"
"2026-10-02 14:42:00.269329",137,"https://insp.cd/wp-content/uploads/2026/10/SitRep_MVEBDB_137_28_09_2026.pdf","response",200,"application/pdf",688.9,"attempt 1"
"2026-10-02 14:42:00.274443",137,"https://insp.cd/wp-content/uploads/2026/10/SitRep_MVEBDB_137_28_09_2026.pdf","success",200,NA,688.9,"attempt 1"
"2026-10-02 14:42:12.660453",136,"https://insp.cd/wp-content/uploads/2026/09/SitRep_MVEBDB_136_27_09_2026.pdf","response",200,"application/pdf",698,"attempt 1"
"2026-10-02 14:42:12.661625",136,"https://insp.cd/wp-content/uploads/2026/09/SitRep_MVEBDB_136_27_09_2026.pdf","success",200,NA,698,"attempt 1"
"2026-10-02 14:42:25.854308",135,"https://insp.cd/wp-content/uploads/2026/09/SitRep_MVEBDB_135_26_09_2026.pdf","response",200,"application/pdf",693,"attempt 1"
"2026-10-02 14:42:25.855501",135,"https://insp.cd/wp-content/uploads/2026/09/SitRep_MVEBDB_135_26_09_2026.pdf","success",200,NA,693,"attempt 1"
"2026-10-02 14:42:39.5751",134,"https://insp.cd/wp-content/uploads/2026/09/SitRep_MVEBDB_134_25_09_2026.pdf","response",200,"application/pdf",691,"attempt 1"
"2026-10-02 14:42:39.57634",134,"https://insp.cd/wp-content/uploads/2026/09/SitRep_MVEBDB_134_25_09_2026.pdf","success",200,NA,691,"attempt 1"
"2026-10-02 14:42:52.413292",133,"https://insp.cd/wp-content/uploads/2026/09/SitRep_MVEBDB_133_24_09_2026.pdf","response",200,"application/pdf",704,"attempt 1"
"2026-10-02 14:42:52.414521",133,"https://insp.cd/wp-content/uploads/2026/09/SitRep_MVEBDB_133_24_09_2026.pdf","success",200,NA,704,"attempt 1"
"2026-10-02 14:43:06.491402",132,"https://insp.cd/wp-content/uploads/2026/09/SitRep_MVEBDB_132_23_09_2026.pdf","response",200,"application/pdf",703.7,"attempt 1"
"2026-10-02 14:43:06.4926",132,"https://insp.cd/wp-content/uploads/2026/09/SitRep_MVEBDB_132_23_09_2026.pdf","success",200,NA,703.7,"attempt 1"
"2026-10-02 14:43:20.862507",131,"https://insp.cd/wp-content/uploads/2026/09/SitRep_MVEBDB_131_22_09_2026-1.pdf","response",200,"application/pdf",698.1,"attempt 1"
"2026-10-02 14:43:20.86372",131,"https://insp.cd/wp-content/uploads/2026/09/SitRep_MVEBDB_131_22_09_2026-1.pdf","success",200,NA,698.1,"attempt 1"
"2026-10-02 14:43:35.046288",130,"https://insp.cd/wp-content/uploads/2026/09/SitRep_MVEBDB_130_21_09_2026.pdf","response",200,"application/pdf",695.9,"attempt 1"
"2026-10-02 14:43:35.047473",130,"https://insp.cd/wp-content/uploads/2026/09/SitRep_MVEBDB_130_21_09_2026.pdf","success",200,NA,695.9,"attempt 1"
"2026-10-02 14:43:48.304598",129,"https://insp.cd/wp-content/uploads/2026/09/SitRep_MVEBDB_129_20_09_2026.pdf","response",200,"application/pdf",695.7,"attempt 1"
"2026-10-02 14:43:48.305803",129,"https://insp.cd/wp-content/uploads/2026/09/SitRep_MVEBDB_129_20_09_2026.pdf","success",200,NA,695.7,"attempt 1"
"2026-10-02 14:44:00.457164",128,"https://insp.cd/wp-content/uploads/2026/09/SitRep_MVEBDB_128_19_09_2026.pdf","response",200,"application/pdf",700.1,"attempt 1"
"2026-10-02 14:44:00.458414",128,"https://insp.cd/wp-content/uploads/2026/09/SitRep_MVEBDB_128_19_09_2026.pdf","success",200,NA,700.1,"attempt 1"
"2026-10-02 14:44:14.131339",127,"https://insp.cd/wp-content/uploads/2026/09/SitRep_MVEBDB_127_18_09_2026.pdf","response",200,"application/pdf",708.5,"attempt 1"
"2026-10-02 14:44:14.132523",127,"https://insp.cd/wp-content/uploads/2026/09/SitRep_MVEBDB_127_18_09_2026.pdf","success",200,NA,708.5,"attempt 1"
"2026-10-02 14:44:29.913084",126,"https://insp.cd/wp-content/uploads/2026/09/SitRep_MVEBDB_126_17_09_2026.pdf","response",200,"application/pdf",708.2,"attempt 1"
"2026-10-02 14:44:29.9143",126,"https://insp.cd/wp-content/uploads/2026/09/SitRep_MVEBDB_126_17_09_2026.pdf","success",200,NA,708.2,"attempt 1"
"2026-10-02 14:44:45.225761",125,"https://insp.cd/wp-content/uploads/2026/09/SitRep_MVEBDB_125_16_09_2026.pdf","response",200,"application/pdf",694.6,"attempt 1"
"2026-10-02 14:44:45.226952",125,"https://insp.cd/wp-content/uploads/2026/09/SitRep_MVEBDB_125_16_09_2026.pdf","success",200,NA,694.6,"attempt 1"
"2026-10-02 14:45:00.656352",124,"https://insp.cd/wp-content/uploads/2026/09/SitRep_MVEBDB_124_15_09_2026.pdf","response",200,"application/pdf",742.4,"attempt 1"
"2026-10-02 14:45:00.65761",124,"https://insp.cd/wp-content/uploads/2026/09/SitRep_MVEBDB_124_15_09_2026.pdf","success",200,NA,742.4,"attempt 1"
"2026-10-02 14:45:17.323961",123,"https://insp.cd/wp-content/uploads/2026/09/SitRep_MVEBDB_123_14_09_2026.pdf","response",200,"application/pdf",681.6,"attempt 1"
"2026-10-02 14:45:17.325196",123,"https://insp.cd/wp-content/uploads/2026/09/SitRep_MVEBDB_123_14_09_2026.pdf","success",200,NA,681.6,"attempt 1"
"2026-10-02 14:45:32.698618",122,"https://insp.cd/wp-content/uploads/2026/09/SitRep_MVEBDB_122_13_09_2026.pdf","response",200,"application/pdf",681.1,"attempt 1"
"2026-10-02 14:45:32.699853",122,"https://insp.cd/wp-content/uploads/2026/09/SitRep_MVEBDB_122_13_09_2026.pdf","success",200,NA,681.1,"attempt 1"
"2026-10-02 14:45:47.864075",121,"https://insp.cd/wp-content/uploads/2026/09/SitRep_MVEBDB_121_12_09_2026.pdf","response",200,"application/pdf",681.5,"attempt 1"
"2026-10-02 14:45:47.865323",121,"https://insp.cd/wp-content/uploads/2026/09/SitRep_MVEBDB_121_12_09_2026.pdf","success",200,NA,681.5,"attempt 1"
"2026-10-02 14:46:02.731645",120,"https://insp.cd/wp-content/uploads/2026/09/SitRep_MVEBDB_120_11_09_2026.pdf","response",200,"application/pdf",681,"attempt 1"
"2026-10-02 14:46:02.732848",120,"https://insp.cd/wp-content/uploads/2026/09/SitRep_MVEBDB_120_11_09_2026.pdf","success",200,NA,681,"attempt 1"
"2026-10-02 14:46:17.819499",119,"https://insp.cd/wp-content/uploads/2026/09/SitRep_MVEBDB_119_10_09_2026-1.pdf","response",200,"application/pdf",684,"attempt 1"
"2026-10-02 14:46:17.820708",119,"https://insp.cd/wp-content/uploads/2026/09/SitRep_MVEBDB_119_10_09_2026-1.pdf","success",200,NA,684,"attempt 1"
"2026-10-02 14:46:32.684859",118,"https://insp.cd/wp-content/uploads/2026/09/SitRep_MVEBDB_118_09_09_2026.pdf","response",200,"application/pdf",689.6,"attempt 1"
"2026-10-02 14:46:32.686071",118,"https://insp.cd/wp-content/uploads/2026/09/SitRep_MVEBDB_118_09_09_2026.pdf","success",200,NA,689.6,"attempt 1"
"2026-10-02 14:46:47.366564",117,"https://insp.cd/wp-content/uploads/2026/09/SitRep_MVEBDB_117_08_09_2026.pdf","response",200,"application/pdf",715.9,"attempt 1"
"2026-10-02 14:46:47.371489",117,"https://insp.cd/wp-content/uploads/2026/09/SitRep_MVEBDB_117_08_09_2026.pdf","success",200,NA,715.9,"attempt 1"
"2026-10-02 14:47:02.426256",116,"https://insp.cd/wp-content/uploads/2026/09/SitRep_MVEBDB_116_07_09_2026.pdf","response",200,"application/pdf",705.8,"attempt 1"
"2026-10-02 14:47:02.427509",116,"https://insp.cd/wp-content/uploads/2026/09/SitRep_MVEBDB_116_07_09_2026.pdf","success",200,NA,705.8,"attempt 1"
"2026-10-02 14:47:17.016324",114,"https://insp.cd/wp-content/uploads/2026/09/SitRep_MVEBDB_114_05_09_2026.pdf","response",200,"application/pdf",682.9,"attempt 1"
"2026-10-02 14:47:17.01759",114,"https://insp.cd/wp-content/uploads/2026/09/SitRep_MVEBDB_114_05_09_2026.pdf","success",200,NA,682.9,"attempt 1"
"2026-10-02 14:47:30.406365",113,"https://insp.cd/wp-content/uploads/2026/09/SitRep_MVEBDB_113_04_09_2026.pdf","response",200,"application/pdf",861.8,"attempt 1"
"2026-10-02 14:47:30.407616",113,"https://insp.cd/wp-content/uploads/2026/09/SitRep_MVEBDB_113_04_09_2026.pdf","success",200,NA,861.8,"attempt 1"
"2026-10-02 14:47:43.354323",112,"https://insp.cd/wp-content/uploads/2026/09/SitRep_MVEBDB_112_03_09_2026-1.pdf","response",200,"application/pdf",709.4,"attempt 1"
"2026-10-02 14:47:43.355537",112,"https://insp.cd/wp-content/uploads/2026/09/SitRep_MVEBDB_112_03_09_2026-1.pdf","success",200,NA,709.4,"attempt 1"
"2026-10-02 14:47:56.385493",111,"https://insp.cd/wp-content/uploads/2026/09/SitRep_MVEBDB_111_02_09_2026.pdf","response",200,"application/pdf",695.4,"attempt 1"
"2026-10-02 14:47:56.386718",111,"https://insp.cd/wp-content/uploads/2026/09/SitRep_MVEBDB_111_02_09_2026.pdf","success",200,NA,695.4,"attempt 1"
"2026-10-02 14:48:08.536103",110,"https://insp.cd/wp-content/uploads/2026/09/SitRep_MVEBDB_110_01_09_2026.pdf","response",200,"application/pdf",667.6,"attempt 1"
"2026-10-02 14:48:08.53731",110,"https://insp.cd/wp-content/uploads/2026/09/SitRep_MVEBDB_110_01_09_2026.pdf","success",200,NA,667.6,"attempt 1"
"2026-10-02 14:48:19.642792",109,"https://insp.cd/wp-content/uploads/2026/09/SitRep_MVEBDB_109_31_08_2026.pdf","response",200,"application/pdf",725,"attempt 1"
"2026-10-02 14:48:19.643988",109,"https://insp.cd/wp-content/uploads/2026/09/SitRep_MVEBDB_109_31_08_2026.pdf","success",200,NA,725,"attempt 1"
"2026-10-02 14:48:31.350753",108,"https://insp.cd/wp-content/uploads/2026/08/SitRep_MVEBDB_108_30_08_2026.pdf","response",200,"application/pdf",706.4,"attempt 1"
"2026-10-02 14:48:31.351943",108,"https://insp.cd/wp-content/uploads/2026/08/SitRep_MVEBDB_108_30_08_2026.pdf","success",200,NA,706.4,"attempt 1"
"2026-10-02 14:48:43.194563",107,"https://insp.cd/wp-content/uploads/2026/08/SitRep_MVEBDB_107_29_08_2026.pdf","response",200,"application/pdf",701.7,"attempt 1"
"2026-10-02 14:48:43.195729",107,"https://insp.cd/wp-content/uploads/2026/08/SitRep_MVEBDB_107_29_08_2026.pdf","success",200,NA,701.7,"attempt 1"
"2026-10-02 14:48:54.879357",106,"https://insp.cd/wp-content/uploads/2026/08/SitRep_MVEBDB_106_28_08_2026.pdf","response",200,"application/pdf",700.2,"attempt 1"
"2026-10-02 14:48:54.880518",106,"https://insp.cd/wp-content/uploads/2026/08/SitRep_MVEBDB_106_28_08_2026.pdf","success",200,NA,700.2,"attempt 1"
"2026-10-02 14:49:05.439034",105,"https://insp.cd/wp-content/uploads/2026/08/SitRep_MVEBDB_105_27_08_2026.pdf","response",200,"application/pdf",833.5,"attempt 1"
"2026-10-02 14:49:05.440232",105,"https://insp.cd/wp-content/uploads/2026/08/SitRep_MVEBDB_105_27_08_2026.pdf","success",200,NA,833.5,"attempt 1"
"2026-10-02 14:49:19.762529",104,"https://insp.cd/wp-content/uploads/2026/08/SitRep_MVEBDB_104_26_08_2026.pdf","response",200,"application/pdf",813.9,"attempt 1"
"2026-10-02 14:49:19.763752",104,"https://insp.cd/wp-content/uploads/2026/08/SitRep_MVEBDB_104_26_08_2026.pdf","success",200,NA,813.9,"attempt 1"
"2026-10-02 14:49:32.057261",103,"https://insp.cd/wp-content/uploads/2026/08/SitRep_MVEBDB_103_25_08_2026.pdf","response",200,"application/pdf",691.1,"attempt 1"
"2026-10-02 14:49:32.058475",103,"https://insp.cd/wp-content/uploads/2026/08/SitRep_MVEBDB_103_25_08_2026.pdf","success",200,NA,691.1,"attempt 1"
"2026-10-02 14:49:44.194852",102,"https://insp.cd/wp-content/uploads/2026/08/SitRep_MVEBDB_102_24_08_2026.pdf","response",200,"application/pdf",692.2,"attempt 1"
"2026-10-02 14:49:44.196101",102,"https://insp.cd/wp-content/uploads/2026/08/SitRep_MVEBDB_102_24_08_2026.pdf","success",200,NA,692.2,"attempt 1"
"2026-10-02 14:49:56.495551",101,"https://insp.cd/wp-content/uploads/2026/08/SitRep_MVEBDB_101_23_08_2026.pdf","response",200,"application/pdf",773.3,"attempt 1"
"2026-10-02 14:49:56.496771",101,"https://insp.cd/wp-content/uploads/2026/08/SitRep_MVEBDB_101_23_08_2026.pdf","success",200,NA,773.3,"attempt 1"
"2026-10-02 14:50:09.64585",100,"https://insp.cd/wp-content/uploads/2026/08/100.pdf","response",200,"application/pdf",679.6,"attempt 1"
"2026-10-02 14:50:09.647074",100,"https://insp.cd/wp-content/uploads/2026/08/100.pdf","success",200,NA,679.6,"attempt 1"
"2026-10-02 14:50:22.275084",99,"https://insp.cd/wp-content/uploads/2026/08/99.pdf","response",200,"application/pdf",682.3,"attempt 1"
"2026-10-02 14:50:22.276332",99,"https://insp.cd/wp-content/uploads/2026/08/99.pdf","success",200,NA,682.3,"attempt 1"
"2026-10-02 14:50:35.333592",98,"https://insp.cd/wp-content/uploads/2026/08/SitRep_MVEBDB_098_20_08_2026_VF_98.pdf","response",200,"application/pdf",3437.9,"attempt 1"
"2026-10-02 14:50:35.334925",98,"https://insp.cd/wp-content/uploads/2026/08/SitRep_MVEBDB_098_20_08_2026_VF_98.pdf","success",200,NA,3437.9,"attempt 1"
"2026-10-02 14:50:47.803739",97,"https://insp.cd/wp-content/uploads/2026/08/97-1.pdf","response",200,"application/pdf",696.2,"attempt 1"
"2026-10-02 14:50:47.804964",97,"https://insp.cd/wp-content/uploads/2026/08/97-1.pdf","success",200,NA,696.2,"attempt 1"
"2026-10-02 14:51:00.143005",96,"https://insp.cd/wp-content/uploads/2026/08/96.pdf","response",200,"application/pdf",703.7,"attempt 1"
"2026-10-02 14:51:00.144213",96,"https://insp.cd/wp-content/uploads/2026/08/96.pdf","success",200,NA,703.7,"attempt 1"
"2026-10-02 14:51:12.422945",95,"https://insp.cd/wp-content/uploads/2026/08/95.pdf","response",200,"application/pdf",683.5,"attempt 1"
"2026-10-02 14:51:12.424138",95,"https://insp.cd/wp-content/uploads/2026/08/95.pdf","success",200,NA,683.5,"attempt 1"
"2026-10-02 14:51:23.84032",94,"https://insp.cd/wp-content/uploads/2026/08/94.pdf","response",200,"application/pdf",675.2,"attempt 1"
"2026-10-02 14:51:23.84156",94,"https://insp.cd/wp-content/uploads/2026/08/94.pdf","success",200,NA,675.2,"attempt 1"
"2026-10-02 14:51:34.522799",93,"https://insp.cd/wp-content/uploads/2026/08/SitRep_MVEBDB_093_15_08_2026.pdf","response",200,"application/pdf",680.8,"attempt 1"
"2026-10-02 14:51:34.523895",93,"https://insp.cd/wp-content/uploads/2026/08/SitRep_MVEBDB_093_15_08_2026.pdf","success",200,NA,680.8,"attempt 1"
"2026-10-02 14:51:47.146897",92,"https://insp.cd/wp-content/uploads/2026/08/SitRep_MVEBDB_092_14_08_2026.pdf","response",200,"application/pdf",676.5,"attempt 1"
"2026-10-02 14:51:47.148095",92,"https://insp.cd/wp-content/uploads/2026/08/SitRep_MVEBDB_092_14_08_2026.pdf","success",200,NA,676.5,"attempt 1"
"2026-10-02 14:51:58.898852",91,"https://insp.cd/wp-content/uploads/2026/08/91.pdf","response",200,"application/pdf",663.2,"attempt 1"
"2026-10-02 14:51:58.900054",91,"https://insp.cd/wp-content/uploads/2026/08/91.pdf","success",200,NA,663.2,"attempt 1"
"2026-10-02 14:52:10.488495",90,"https://insp.cd/wp-content/uploads/2026/08/SITREP_MVEBDB_090_12_08_2026.pdf","response",200,"application/pdf",706.7,"attempt 1"
"2026-10-02 14:52:10.489686",90,"https://insp.cd/wp-content/uploads/2026/08/SITREP_MVEBDB_090_12_08_2026.pdf","success",200,NA,706.7,"attempt 1"
"2026-10-02 14:52:22.113571",89,"https://insp.cd/wp-content/uploads/2026/08/SITREP_MVEBDB_089_11_08_2026.pdf","response",200,"application/pdf",640,"attempt 1"
"2026-10-02 14:52:22.114793",89,"https://insp.cd/wp-content/uploads/2026/08/SITREP_MVEBDB_089_11_08_2026.pdf","success",200,NA,640,"attempt 1"
"2026-10-02 14:52:31.33826",88,"https://insp.cd/wp-content/uploads/2026/08/SITREP_MVEBDB_088_10_08_2026_11.pdf","response",200,"application/pdf",636.2,"attempt 1"
"2026-10-02 14:52:31.339402",88,"https://insp.cd/wp-content/uploads/2026/08/SITREP_MVEBDB_088_10_08_2026_11.pdf","success",200,NA,636.2,"attempt 1"
"2026-10-02 14:52:41.30177",87,"https://insp.cd/wp-content/uploads/2026/08/SITREP_MVEBDB_087_09_08_2026_VF.pdf","response",200,"application/pdf",2568.2,"attempt 1"
"2026-10-02 14:52:41.302967",87,"https://insp.cd/wp-content/uploads/2026/08/SITREP_MVEBDB_087_09_08_2026_VF.pdf","success",200,NA,2568.2,"attempt 1"
"2026-10-02 14:52:50.152674",86,"https://insp.cd/wp-content/uploads/2026/08/SITREP_MVEBDB_086_080826.pdf","response",200,"application/pdf",2497.5,"attempt 1"
"2026-10-02 14:52:50.153904",86,"https://insp.cd/wp-content/uploads/2026/08/SITREP_MVEBDB_086_080826.pdf","success",200,NA,2497.5,"attempt 1"
"2026-10-02 14:52:58.206573",85,"https://insp.cd/wp-content/uploads/2026/08/85.pdf","response",200,"application/pdf",2621.8,"attempt 1"
"2026-10-02 14:52:58.207775",85,"https://insp.cd/wp-content/uploads/2026/08/85.pdf","success",200,NA,2621.8,"attempt 1"
"2026-10-02 14:53:06.20619",84,"https://insp.cd/wp-content/uploads/2026/08/84.pdf","response",200,"application/pdf",2620.1,"attempt 1"
"2026-10-02 14:53:06.207377",84,"https://insp.cd/wp-content/uploads/2026/08/84.pdf","success",200,NA,2620.1,"attempt 1"
"2026-10-02 14:53:13.982675",83,"https://insp.cd/wp-content/uploads/2026/08/83.pdf","response",200,"application/pdf",3728.8,"attempt 1"
"2026-10-02 14:53:13.983871",83,"https://insp.cd/wp-content/uploads/2026/08/83.pdf","success",200,NA,3728.8,"attempt 1"
"2026-10-02 14:53:31.444592",82,"https://insp.cd/wp-content/uploads/2026/08/SitRep_MVE_RDC_N_082_04_08_2026.pdf","response",200,"application/pdf",1541.4,"attempt 1"
"2026-10-02 14:53:31.4458",82,"https://insp.cd/wp-content/uploads/2026/08/SitRep_MVE_RDC_N_082_04_08_2026.pdf","success",200,NA,1541.4,"attempt 1"
"2026-10-02 14:53:47.66713",81,"https://insp.cd/wp-content/uploads/2026/08/SitRep_MVE_RDC_N_081_03_08_2026_VF.pdf","response",200,"application/pdf",1573.6,"attempt 1"
"2026-10-02 14:53:47.668389",81,"https://insp.cd/wp-content/uploads/2026/08/SitRep_MVE_RDC_N_081_03_08_2026_VF.pdf","success",200,NA,1573.6,"attempt 1"
"2026-10-02 14:54:02.736031",80,"https://insp.cd/wp-content/uploads/2026/08/SitRep_MVE_RDC_N_080_02-08-2026.pdf","response",200,"application/pdf",1597.3,"attempt 1"
"2026-10-02 14:54:02.737232",80,"https://insp.cd/wp-content/uploads/2026/08/SitRep_MVE_RDC_N_080_02-08-2026.pdf","success",200,NA,1597.3,"attempt 1"
"2026-10-02 14:54:17.89519",79,"https://insp.cd/wp-content/uploads/2026/08/SitRep_MVE_RDC_N_079_01-08-2026.pdf","response",200,"application/pdf",1464,"attempt 1"
"2026-10-02 14:54:17.8964",79,"https://insp.cd/wp-content/uploads/2026/08/SitRep_MVE_RDC_N_079_01-08-2026.pdf","success",200,NA,1464,"attempt 1"
