orig,target,action,size_before,size_after
PREIS_DRC_Ebola_SitRep_145.pdf,SitRep_145_2026.pdf,kept_existing,777857,777857
SitRep_01_2026.pdf,SitRep_01_2026.pdf,already_ok,4722765,4722765
SitRep_02_2026.pdf,SitRep_02_2026.pdf,already_ok,1098745,1098745
SitRep_04_2026.pdf,SitRep_04_2026.pdf,already_ok,1489626,1489626
SitRep_05_2026.pdf,SitRep_05_2026.pdf,already_ok,1233908,1233908
SitRep_06_2026.pdf,SitRep_06_2026.pdf,already_ok,1263547,1263547
SitRep_07_2026.pdf,SitRep_07_2026.pdf,already_ok,1973268,1973268
SitRep_08_2026.pdf,SitRep_08_2026.pdf,already_ok,5894752,5894752
SitRep_09_2026.pdf,SitRep_09_2026.pdf,already_ok,9150641,9150641
SitRep_10_2026.pdf,SitRep_10_2026.pdf,already_ok,7400142,7400142
SitRep_100_2026.pdf,SitRep_100_2026.pdf,already_ok,695951,695951
SitRep_101_2026.pdf,SitRep_101_2026.pdf,already_ok,791813,791813
SitRep_102_2026.pdf,SitRep_102_2026.pdf,already_ok,708857,708857
SitRep_103_2026.pdf,SitRep_103_2026.pdf,already_ok,707708,707708
SitRep_104_2026.pdf,SitRep_104_2026.pdf,already_ok,833387,833387
SitRep_105_2026.pdf,SitRep_105_2026.pdf,already_ok,853520,853520
SitRep_106_2026.pdf,SitRep_106_2026.pdf,already_ok,716981,716981
SitRep_107_2026.pdf,SitRep_107_2026.pdf,already_ok,718492,718492
SitRep_108_2026.pdf,SitRep_108_2026.pdf,already_ok,723328,723328
SitRep_109_2026.pdf,SitRep_109_2026.pdf,already_ok,742441,742441
SitRep_11_2026.pdf,SitRep_11_2026.pdf,already_ok,11285514,11285514
SitRep_110_2026.pdf,SitRep_110_2026.pdf,already_ok,683625,683625
SitRep_111_2026.pdf,SitRep_111_2026.pdf,already_ok,712110,712110
SitRep_112_2026.pdf,SitRep_112_2026.pdf,already_ok,726411,726411
SitRep_113_2026.pdf,SitRep_113_2026.pdf,already_ok,882527,882527
SitRep_114_2026.pdf,SitRep_114_2026.pdf,already_ok,699291,699291
SitRep_116_2026.pdf,SitRep_116_2026.pdf,already_ok,722694,722694
SitRep_117_2026.pdf,SitRep_117_2026.pdf,already_ok,733058,733058
SitRep_118_2026.pdf,SitRep_118_2026.pdf,already_ok,706137,706137
SitRep_119_2026.pdf,SitRep_119_2026.pdf,already_ok,700419,700419
SitRep_12_2026.pdf,SitRep_12_2026.pdf,already_ok,10025517,10025517
SitRep_120_2026.pdf,SitRep_120_2026.pdf,already_ok,697313,697313
SitRep_121_2026.pdf,SitRep_121_2026.pdf,already_ok,697825,697825
SitRep_122_2026.pdf,SitRep_122_2026.pdf,already_ok,697438,697438
SitRep_123_2026.pdf,SitRep_123_2026.pdf,already_ok,697975,697975
SitRep_124_2026.pdf,SitRep_124_2026.pdf,already_ok,760244,760244
SitRep_125_2026.pdf,SitRep_125_2026.pdf,already_ok,711276,711276
SitRep_126_2026.pdf,SitRep_126_2026.pdf,already_ok,725233,725233
SitRep_127_2026.pdf,SitRep_127_2026.pdf,already_ok,725475,725475
SitRep_128_2026.pdf,SitRep_128_2026.pdf,already_ok,716869,716869
SitRep_129_2026.pdf,SitRep_129_2026.pdf,already_ok,712383,712383
SitRep_13_2026.pdf,SitRep_13_2026.pdf,already_ok,1163454,1163454
SitRep_130_2026.pdf,SitRep_130_2026.pdf,already_ok,712606,712606
SitRep_131_2026.pdf,SitRep_131_2026.pdf,already_ok,714896,714896
SitRep_132_2026.pdf,SitRep_132_2026.pdf,already_ok,720578,720578
SitRep_133_2026.pdf,SitRep_133_2026.pdf,already_ok,720888,720888
SitRep_134_2026.pdf,SitRep_134_2026.pdf,already_ok,707634,707634
SitRep_135_2026.pdf,SitRep_135_2026.pdf,already_ok,709658,709658
SitRep_136_2026.pdf,SitRep_136_2026.pdf,already_ok,714784,714784
SitRep_137_2026.pdf,SitRep_137_2026.pdf,already_ok,705451,705451
SitRep_138_2026.pdf,SitRep_138_2026.pdf,already_ok,695685,695685
SitRep_139_2026.pdf,SitRep_139_2026.pdf,already_ok,708832,708832
SitRep_14_2026.pdf,SitRep_14_2026.pdf,already_ok,2235882,2235882
SitRep_140_2026.pdf,SitRep_140_2026.pdf,already_ok,672333,672333
SitRep_141_2026.pdf,SitRep_141_2026.pdf,already_ok,787172,787172
SitRep_143_2026.pdf,SitRep_143_2026.pdf,already_ok,781193,781193
SitRep_144_2026.pdf,SitRep_144_2026.pdf,already_ok,781392,781392
SitRep_145_2026.pdf,SitRep_145_2026.pdf,already_ok,777857,777857
SitRep_15_2026.pdf,SitRep_15_2026.pdf,already_ok,1633460,1633460
SitRep_16_2026.pdf,SitRep_16_2026.pdf,already_ok,1143193,1143193
SitRep_17_2026.pdf,SitRep_17_2026.pdf,already_ok,1323030,1323030
SitRep_18_2026.pdf,SitRep_18_2026.pdf,already_ok,1430480,1430480
SitRep_19_2026.pdf,SitRep_19_2026.pdf,already_ok,6227269,6227269
SitRep_20_2026.pdf,SitRep_20_2026.pdf,already_ok,3242151,3242151
SitRep_21_2026.pdf,SitRep_21_2026.pdf,already_ok,3798858,3798858
SitRep_22_2026.pdf,SitRep_22_2026.pdf,already_ok,1227132,1227132
SitRep_23_2026.pdf,SitRep_23_2026.pdf,already_ok,1187794,1187794
SitRep_24_2026.pdf,SitRep_24_2026.pdf,already_ok,1356164,1356164
SitRep_25_2026.pdf,SitRep_25_2026.pdf,already_ok,1380972,1380972
SitRep_26_2026.pdf,SitRep_26_2026.pdf,already_ok,4230647,4230647
SitRep_27_2026.pdf,SitRep_27_2026.pdf,already_ok,1864344,1864344
SitRep_28_2026.pdf,SitRep_28_2026.pdf,already_ok,6041048,6041048
SitRep_30_2026.pdf,SitRep_30_2026.pdf,already_ok,1365148,1365148
SitRep_31_2026.pdf,SitRep_31_2026.pdf,already_ok,1442160,1442160
SitRep_32_2026.pdf,SitRep_32_2026.pdf,already_ok,1464479,1464479
SitRep_33_2026.pdf,SitRep_33_2026.pdf,already_ok,1534111,1534111
SitRep_34_2026.pdf,SitRep_34_2026.pdf,already_ok,1015964,1015964
SitRep_35_2026.pdf,SitRep_35_2026.pdf,already_ok,1008927,1008927
SitRep_36_2026.pdf,SitRep_36_2026.pdf,already_ok,1074100,1074100
SitRep_37_2026.pdf,SitRep_37_2026.pdf,already_ok,1066335,1066335
SitRep_38_2026.pdf,SitRep_38_2026.pdf,already_ok,1401760,1401760
SitRep_39_2026.pdf,SitRep_39_2026.pdf,already_ok,1013345,1013345
SitRep_40_2026.pdf,SitRep_40_2026.pdf,already_ok,1268442,1268442
SitRep_41_2026.pdf,SitRep_41_2026.pdf,already_ok,967031,967031
SitRep_42_2026.pdf,SitRep_42_2026.pdf,already_ok,1458264,1458264
SitRep_44_2026.pdf,SitRep_44_2026.pdf,already_ok,1177650,1177650
SitRep_46_2026.pdf,SitRep_46_2026.pdf,already_ok,1254498,1254498
SitRep_47_2026.pdf,SitRep_47_2026.pdf,already_ok,841919,841919
SitRep_48_2026.pdf,SitRep_48_2026.pdf,already_ok,5981816,5981816
SitRep_49_2026.pdf,SitRep_49_2026.pdf,already_ok,1122659,1122659
SitRep_50_2026.pdf,SitRep_50_2026.pdf,already_ok,1844601,1844601
SitRep_51_2026.pdf,SitRep_51_2026.pdf,already_ok,1314420,1314420
SitRep_52_2026.pdf,SitRep_52_2026.pdf,already_ok,1253534,1253534
SitRep_53_2026.pdf,SitRep_53_2026.pdf,already_ok,933066,933066
SitRep_54_2026.pdf,SitRep_54_2026.pdf,already_ok,1040438,1040438
SitRep_55_2026.pdf,SitRep_55_2026.pdf,already_ok,1204669,1204669
SitRep_56_2026.pdf,SitRep_56_2026.pdf,already_ok,1491771,1491771
SitRep_57_2026.pdf,SitRep_57_2026.pdf,already_ok,1409453,1409453
SitRep_58_2026.pdf,SitRep_58_2026.pdf,already_ok,1021161,1021161
SitRep_59_2026.pdf,SitRep_59_2026.pdf,already_ok,947213,947213
SitRep_60_2026.pdf,SitRep_60_2026.pdf,already_ok,1359883,1359883
SitRep_61_2026.pdf,SitRep_61_2026.pdf,already_ok,1306755,1306755
SitRep_62_2026.pdf,SitRep_62_2026.pdf,already_ok,1216095,1216095
SitRep_63_2026.pdf,SitRep_63_2026.pdf,already_ok,1712479,1712479
SitRep_64_2026.pdf,SitRep_64_2026.pdf,already_ok,5002431,5002431
SitRep_79_2026.pdf,SitRep_79_2026.pdf,already_ok,1499174,1499174
SitRep_80_2026.pdf,SitRep_80_2026.pdf,already_ok,1635660,1635660
SitRep_81_2026.pdf,SitRep_81_2026.pdf,already_ok,1611364,1611364
SitRep_82_2026.pdf,SitRep_82_2026.pdf,already_ok,1578439,1578439
SitRep_83_2026.pdf,SitRep_83_2026.pdf,already_ok,3818325,3818325
SitRep_84_2026.pdf,SitRep_84_2026.pdf,already_ok,2682948,2682948
SitRep_85_2026.pdf,SitRep_85_2026.pdf,already_ok,2684722,2684722
SitRep_86_2026.pdf,SitRep_86_2026.pdf,already_ok,2557418,2557418
SitRep_87_2026.pdf,SitRep_87_2026.pdf,already_ok,2629825,2629825
SitRep_88_2026.pdf,SitRep_88_2026.pdf,already_ok,651437,651437
SitRep_89_2026.pdf,SitRep_89_2026.pdf,already_ok,655402,655402
SitRep_90_2026.pdf,SitRep_90_2026.pdf,already_ok,723708,723708
SitRep_91_2026.pdf,SitRep_91_2026.pdf,already_ok,679091,679091
SitRep_92_2026.pdf,SitRep_92_2026.pdf,already_ok,692706,692706
SitRep_93_2026.pdf,SitRep_93_2026.pdf,already_ok,697123,697123
SitRep_94_2026.pdf,SitRep_94_2026.pdf,already_ok,691363,691363
SitRep_95_2026.pdf,SitRep_95_2026.pdf,already_ok,699854,699854
SitRep_96_2026.pdf,SitRep_96_2026.pdf,already_ok,720592,720592
SitRep_97_2026.pdf,SitRep_97_2026.pdf,already_ok,712886,712886
SitRep_98_2026.pdf,SitRep_98_2026.pdf,already_ok,3520369,3520369
SitRep_99_2026.pdf,SitRep_99_2026.pdf,already_ok,698668,698668
