timestamp,action,num,from,to
2026-07-19 14:06:14,DELETE_DUPLICATE,1,SITREP_MVE_N°01_04_09_2025-Version-part.pdf,ND
2026-07-19 14:06:14,DELETE_DUPLICATE,2,SITREP-MVE_002_06-SEPT-2025.pdf,ND
2026-07-19 14:06:14,DELETE_DUPLICATE,10,SITREP_MVE_10-VF-1.pdf,ND
2026-07-19 14:06:14,DELETE_DUPLICATE,13,SITREP-NUM-13-.pdf,ND
2026-07-19 14:06:14,DELETE_DUPLICATE,14,SITREP-NUM-14.pdf,ND
2026-07-19 14:06:14,DELETE_DUPLICATE,15,SITREP-MVE-NUM-15.pdf,ND
2026-07-19 14:06:14,DELETE_DUPLICATE,16,SITREP-MVE-NUM-16.pdf,ND
2026-07-19 14:06:14,DELETE_DUPLICATE,17,SITREP-MVE-NUM-17.pdf,ND
2026-07-19 14:06:14,DELETE_DUPLICATE,18,SitRep_18_2026.pdf,ND
2026-07-19 14:06:14,DELETE_DUPLICATE,18,SITREP-MVE-NUM-18-1.pdf,ND
2026-07-19 14:06:14,DELETE_DUPLICATE,19,SitRep_19_2026.pdf,ND
2026-07-19 14:06:14,DELETE_DUPLICATE,20,SitRep_20_2026.pdf,ND
2026-07-19 14:06:14,DELETE_DUPLICATE,20,SITREP-MVE-NUM-20-1.pdf,ND
2026-07-19 14:06:14,DELETE_DUPLICATE,21,SitRep_N021_unknown.pdf,ND
2026-07-19 14:06:14,DELETE_DUPLICATE,21,SitRep_N021_ND.pdf,ND
2026-07-19 14:06:14,DELETE_DUPLICATE,21,SITREP-MVE-NUM-21-1.pdf,ND
2026-07-19 14:06:14,DELETE_DUPLICATE,22,SitRep_22_2026.pdf,ND
2026-07-19 14:06:14,DELETE_DUPLICATE,22,SITREP-MVE-NUM-22-1.pdf,ND
2026-07-19 14:06:14,DELETE_DUPLICATE,23,SitRep_23_2026.pdf,ND
2026-07-19 14:06:14,DELETE_DUPLICATE,23,SITREP-MVE-NUM-23-1.pdf,ND
2026-07-19 14:06:14,DELETE_DUPLICATE,24,SitRep_24_2026.pdf,ND
2026-07-19 14:06:14,DELETE_DUPLICATE,25,SitRep_25_2026.pdf,ND
2026-07-19 14:06:14,DELETE_DUPLICATE,26,SitRep_26_2026.pdf,ND
2026-07-19 14:06:14,DELETE_DUPLICATE,27,SitRep_27_2026.pdf,ND
2026-07-19 14:06:14,DELETE_DUPLICATE,28,SitRep_28_2026.pdf,ND
2026-07-19 14:06:14,DELETE_DUPLICATE,30,SitRep_N030_2026-06-13.pdf,ND
2026-07-19 14:06:14,DELETE_DUPLICATE,30,SitRep_30_2026.pdf,ND
2026-07-19 14:06:14,DELETE_DUPLICATE,30,Draft-Final_SitRep_MVE_RDC_N°30_13_06_2026-FD-1-1.pdf,ND
2026-07-19 14:06:14,DELETE_DUPLICATE,31,SitRep_N031_2026-06-14.pdf,ND
2026-07-19 14:06:14,DELETE_DUPLICATE,31,SitRep_31_2026.pdf,ND
2026-07-19 14:06:14,DELETE_DUPLICATE,32,SitRep_N032_2026-06-15.pdf,ND
2026-07-19 14:06:14,DELETE_DUPLICATE,32,SitRep_32_2026.pdf,ND
2026-07-19 14:06:14,DELETE_DUPLICATE,33,SitRep_N033_2026-06-16.pdf,ND
2026-07-19 14:06:14,DELETE_DUPLICATE,33,SitRep_33_2026.pdf,ND
2026-07-19 14:06:14,DELETE_DUPLICATE,34,SitRep_N034_2026-06-17.pdf,ND
2026-07-19 14:06:14,DELETE_DUPLICATE,34,SitRep_34_2026.pdf,ND
2026-07-19 14:06:14,DELETE_DUPLICATE,35,SitRep_N035_2026-06-18.pdf,ND
2026-07-19 14:06:14,DELETE_DUPLICATE,35,SitRep_35_2026.pdf,ND
2026-07-19 14:06:14,DELETE_DUPLICATE,36,SitRep_N036_2026-06-19.pdf,ND
2026-07-19 14:06:14,DELETE_DUPLICATE,36,SitRep_36_2026.pdf,ND
2026-07-19 14:06:14,DELETE_DUPLICATE,36,SITREP36_MVE16.pdf,ND
2026-07-19 14:06:14,DELETE_DUPLICATE,37,SitRep_N037_2026-06-20.pdf,ND
2026-07-19 14:06:14,DELETE_DUPLICATE,37,SitRep_37_2026.pdf,ND
2026-07-19 14:06:14,DELETE_DUPLICATE,38,SitRep_N038_2026-06-21.pdf,ND
2026-07-19 14:06:14,DELETE_DUPLICATE,38,SitRep_38_2026.pdf,ND
2026-07-19 14:06:14,DELETE_DUPLICATE,38,SITREP38_MVE161.pdf,ND
2026-07-19 14:06:14,DELETE_DUPLICATE,39,SitRep_N039_2026-06-22.pdf,ND
2026-07-19 14:06:14,DELETE_DUPLICATE,39,SitRep_39_2026.pdf,ND
2026-07-19 14:06:14,DELETE_DUPLICATE,39,SITREP39_MVE16.pdf,ND
2026-07-19 14:06:14,DELETE_DUPLICATE,40,SitRep_N040_2026-06-23.pdf,ND
2026-07-19 14:06:14,DELETE_DUPLICATE,40,SitRep_40_2026.pdf,ND
2026-07-19 14:06:14,DELETE_DUPLICATE,40,SITREP40_MVE16-B.pdf,ND
2026-07-19 14:06:14,DELETE_DUPLICATE,41,SitRep_N041_2026-06-24.pdf,ND
2026-07-19 14:06:14,DELETE_DUPLICATE,42,SitRep_N042_2026-06-25.pdf,ND
2026-07-19 14:06:14,DELETE_DUPLICATE,44,SitRep_N044_2026-06-27.pdf,ND
2026-07-19 14:06:14,DELETE_DUPLICATE,46,SitRep_N046_2026-06-29.pdf,ND
2026-07-19 14:06:14,DELETE_DUPLICATE,47,SitRep_N047_2026-06-30.pdf,ND
2026-07-19 14:06:14,DELETE_DUPLICATE,48,SitRep_N048_2026-07-01.pdf,ND
2026-07-19 14:06:14,DELETE_DUPLICATE,49,SitRep_N049_2026-07-02.pdf,ND
2026-07-19 14:06:14,DELETE_DUPLICATE,50,SitRep_N050_2026-07-02.pdf,ND
2026-07-19 14:06:14,DELETE_DUPLICATE,51,SitRep_N051_2026-07-04.pdf,ND
2026-07-19 14:06:14,DELETE_DUPLICATE,52,SitRep_N052_2026-07-05.pdf,ND
2026-07-19 14:06:14,DELETE_DUPLICATE,53,SitRep_N053_2026-07-06.pdf,ND
2026-07-19 14:06:14,DELETE_DUPLICATE,54,SitRep_N054_unknown.pdf,ND
2026-07-19 14:06:14,DELETE_DUPLICATE,55,SitRep_N055_2026-07-08.pdf,ND
2026-07-19 14:06:14,DELETE_DUPLICATE,56,SitRep_N056_2026-07-09.pdf,ND
2026-07-19 14:06:14,DELETE_DUPLICATE,56,SitRep_56_2026.pdf,ND
2026-07-19 14:06:14,DELETE_DUPLICATE,57,SitRep_N057_2026-07-10.pdf,ND
2026-07-19 14:06:14,DELETE_DUPLICATE,57,SitRep_57_2026.pdf,ND
2026-07-19 14:06:14,DELETE_DUPLICATE,58,SitRep_N058_2026-07-11.pdf,ND
2026-07-19 14:06:14,DELETE_DUPLICATE,58,SitRep_58_2026.pdf,ND
2026-07-19 14:06:14,DELETE_DUPLICATE,59,SitRep_59_2026.pdf,ND
2026-07-19 14:06:14,DELETE_DUPLICATE,60,SitRep_60_2026.pdf,ND
2026-07-19 14:06:14,DELETE_DUPLICATE,61,SitRep_N061_2026-07-14.pdf,ND
2026-07-19 14:06:14,DELETE_DUPLICATE,62,SitRep_N062_2026-07-15.pdf,ND
2026-07-19 14:06:14,DELETE_DUPLICATE,64,SitRep_64_2026.pdf,ND
2026-07-19 14:06:14,RENAME,1,SitRep_01_2026.pdf,PREIS_DRC_Ebola_SitRep_001.pdf
2026-07-19 14:06:14,RENAME,2,SitRep_02_2026.pdf,PREIS_DRC_Ebola_SitRep_002.pdf
2026-07-19 14:06:14,RENAME,4,SitRep_04_2026.pdf,PREIS_DRC_Ebola_SitRep_004.pdf
2026-07-19 14:06:14,RENAME,5,SitRep_05_2026.pdf,PREIS_DRC_Ebola_SitRep_005.pdf
2026-07-19 14:06:14,RENAME,6,SitRep_06_2026.pdf,PREIS_DRC_Ebola_SitRep_006.pdf
2026-07-19 14:06:14,RENAME,7,SitRep_07_2026.pdf,PREIS_DRC_Ebola_SitRep_007.pdf
2026-07-19 14:06:14,RENAME,8,SitRep_08_2026.pdf,PREIS_DRC_Ebola_SitRep_008.pdf
2026-07-19 14:06:14,RENAME,9,SitRep_09_2026.pdf,PREIS_DRC_Ebola_SitRep_009.pdf
2026-07-19 14:06:14,RENAME,10,SitRep_10_2026.pdf,PREIS_DRC_Ebola_SitRep_010.pdf
2026-07-19 14:06:14,RENAME,11,SitRep_11_2026.pdf,PREIS_DRC_Ebola_SitRep_011.pdf
2026-07-19 14:06:14,RENAME,12,SitRep_12_2026.pdf,PREIS_DRC_Ebola_SitRep_012.pdf
2026-07-19 14:06:14,RENAME,13,SitRep_13_2026.pdf,PREIS_DRC_Ebola_SitRep_013.pdf
2026-07-19 14:06:14,RENAME,14,SitRep_14_2026.pdf,PREIS_DRC_Ebola_SitRep_014.pdf
2026-07-19 14:06:14,RENAME,15,SitRep_15_2026.pdf,PREIS_DRC_Ebola_SitRep_015.pdf
2026-07-19 14:06:14,RENAME,16,SitRep_16_2026.pdf,PREIS_DRC_Ebola_SitRep_016.pdf
2026-07-19 14:06:14,RENAME,17,SitRep_17_2026.pdf,PREIS_DRC_Ebola_SitRep_017.pdf
2026-07-19 14:06:14,RENAME,18,SitRep_N018_2026-06-01.pdf,PREIS_DRC_Ebola_SitRep_018.pdf
2026-07-19 14:06:14,RENAME,19,SitRep_N019_2026-06-01.pdf,PREIS_DRC_Ebola_SitRep_019.pdf
2026-07-19 14:06:14,RENAME,20,SitRep_N020_2026-06-02.pdf,PREIS_DRC_Ebola_SitRep_020.pdf
2026-07-19 14:06:14,RENAME,21,SitRep_21_2026.pdf,PREIS_DRC_Ebola_SitRep_021.pdf
2026-07-19 14:06:14,RENAME,22,SitRep_N022_2026-06-05.pdf,PREIS_DRC_Ebola_SitRep_022.pdf
2026-07-19 14:06:14,RENAME,23,SitRep_N023_2026-06-06.pdf,PREIS_DRC_Ebola_SitRep_023.pdf
2026-07-19 14:06:14,RENAME,24,SitRep_N024_2026-06-07.pdf,PREIS_DRC_Ebola_SitRep_024.pdf
2026-07-19 14:06:14,RENAME,25,SitRep_N025_2026-06-08.pdf,PREIS_DRC_Ebola_SitRep_025.pdf
2026-07-19 14:06:14,RENAME,26,SitRep_N026_2026-06-09.pdf,PREIS_DRC_Ebola_SitRep_026.pdf
2026-07-19 14:06:14,RENAME,27,SitRep_N027_2026-06-10.pdf,PREIS_DRC_Ebola_SitRep_027.pdf
2026-07-19 14:06:14,RENAME,28,SitRep_N028_2026-06-11.pdf,PREIS_DRC_Ebola_SitRep_028.pdf
2026-07-19 14:06:14,RENAME,63,SitRep_N063_2026-07-16.pdf,PREIS_DRC_Ebola_SitRep_063.pdf
2026-07-19 14:06:14,RENAME,64,SitRep_N064_2026-07-17.pdf,PREIS_DRC_Ebola_SitRep_064.pdf
