"timestamp","event","note"
"2026-10-02 14:37:30.054338","enter_run_preis_pipeline",""
"2026-10-02 14:41:46.710532","scrape_done","n_scraped=59"
"2026-10-02 14:41:47.007553","merge_done","n_registry=115 n_new_or_pending=59"
"2026-10-02 14:41:47.011173","to_process_ready","n_to_process=59 n_pending_registry=79 n_pending_not_in_scraped=20 sample_scraped=[https://insp.cd/wp-content/uploads/2026/10/SitRep_MVEBDB_138_29_09_2026.pdf ;; https://insp.cd/wp-content/uploads/2026/10/SitRep_MVEBDB_137_28_09_2026.pdf] sample_pending_registry=[https://insp.cd/wp-content/uploads/2026/10/SitRep_MVEBDB_138_29_09_2026.pdf ;; https://insp.cd/wp-content/uploads/2026/10/SitRep_MVEBDB_137_28_09_2026.pdf]"
"2026-10-02 14:41:47.01255","row_start","i=1 sno=138"
"2026-10-02 14:41:59.187789","row_start","i=2 sno=137"
"2026-10-02 14:42:11.600014","row_start","i=3 sno=136"
"2026-10-02 14:42:24.807575","row_start","i=4 sno=135"
"2026-10-02 14:42:38.497128","row_start","i=5 sno=134"
"2026-10-02 14:42:51.161575","row_start","i=6 sno=133"
"2026-10-02 14:43:05.419092","row_start","i=7 sno=132"
"2026-10-02 14:43:19.71232","row_start","i=8 sno=131"
"2026-10-02 14:43:33.974642","row_start","i=9 sno=130"
"2026-10-02 14:43:47.209041","row_start","i=10 sno=129"
"2026-10-02 14:44:00.430833","row_start","i=11 sno=128"
"2026-10-02 14:44:13.068567","row_start","i=12 sno=127"
"2026-10-02 14:44:28.637044","row_start","i=13 sno=126"
"2026-10-02 14:44:44.137117","row_start","i=14 sno=125"
"2026-10-02 14:44:59.461193","row_start","i=15 sno=124"
"2026-10-02 14:45:16.203315","row_start","i=16 sno=123"
"2026-10-02 14:45:31.642604","row_start","i=17 sno=122"
"2026-10-02 14:45:46.784537","row_start","i=18 sno=121"
"2026-10-02 14:46:01.660556","row_start","i=19 sno=120"
"2026-10-02 14:46:16.670386","row_start","i=20 sno=119"
"2026-10-02 14:46:31.578106","row_start","i=21 sno=118"
"2026-10-02 14:46:46.148213","row_start","i=22 sno=117"
"2026-10-02 14:47:00.494763","row_start","i=23 sno=116"
"2026-10-02 14:47:15.732842","row_start","i=24 sno=114"
"2026-10-02 14:47:29.172296","row_start","i=25 sno=113"
"2026-10-02 14:47:42.293482","row_start","i=26 sno=112"
"2026-10-02 14:47:55.094454","row_start","i=27 sno=111"
"2026-10-02 14:48:07.477902","row_start","i=28 sno=110"
"2026-10-02 14:48:19.530448","row_start","i=29 sno=109"
"2026-10-02 14:48:30.157513","row_start","i=30 sno=108"
"2026-10-02 14:48:42.055174","row_start","i=31 sno=107"
"2026-10-02 14:48:53.781521","row_start","i=32 sno=106"
"2026-10-02 14:49:05.412035","row_start","i=33 sno=105"
"2026-10-02 14:49:18.53538","row_start","i=34 sno=104"
"2026-10-02 14:49:30.891546","row_start","i=35 sno=103"
"2026-10-02 14:49:42.976516","row_start","i=36 sno=102"
"2026-10-02 14:49:55.44669","row_start","i=37 sno=101"
"2026-10-02 14:50:08.482587","row_start","i=38 sno=100"
"2026-10-02 14:50:21.136196","row_start","i=39 sno=99"
"2026-10-02 14:50:34.068703","row_start","i=40 sno=98"
"2026-10-02 14:50:46.640738","row_start","i=41 sno=97"
"2026-10-02 14:50:59.061221","row_start","i=42 sno=96"
"2026-10-02 14:51:11.333875","row_start","i=43 sno=95"
"2026-10-02 14:51:22.722131","row_start","i=44 sno=94"
"2026-10-02 14:51:34.495588","row_start","i=45 sno=93"
"2026-10-02 14:51:46.055893","row_start","i=46 sno=92"
"2026-10-02 14:51:57.82865","row_start","i=47 sno=91"
"2026-10-02 14:52:09.416969","row_start","i=48 sno=90"
"2026-10-02 14:52:21.050028","row_start","i=49 sno=89"
"2026-10-02 14:52:31.312074","row_start","i=50 sno=88"
"2026-10-02 14:52:40.200946","row_start","i=51 sno=87"
"2026-10-02 14:52:49.067671","row_start","i=52 sno=86"
"2026-10-02 14:52:56.929774","row_start","i=53 sno=85"
"2026-10-02 14:53:05.140857","row_start","i=54 sno=84"
"2026-10-02 14:53:12.909853","row_start","i=55 sno=83"
"2026-10-02 14:53:30.380581","row_start","i=56 sno=82"
"2026-10-02 14:53:46.431651","row_start","i=57 sno=81"
"2026-10-02 14:54:01.652529","row_start","i=58 sno=80"
"2026-10-02 14:54:16.625178","row_start","i=59 sno=79"
