sitrep_no,indicator_code,domain,value,extraction_rule,value_source,source_type,priority
1,case_fatality_ratio,deaths,50,computed_from_INRB,NA,NA,NA
1,cumulative_confirmed_cases,reference,8,INRB_reference,NA,NA,NA
1,cumulative_deaths,reference,4,INRB_reference,NA,NA,NA
1,suspected_cases_investigation,reference,246,INRB_reference,NA,NA,NA
2,case_fatality_ratio,deaths,30.8,computed_from_INRB,NA,NA,NA
2,contacts_followed_up,contacts,157,narr_contacts_followed,NA,NA,NA
2,contacts_listed,contacts,0,box_contacts_listed,NA,NA,NA
2,cumulative_confirmed_cases,reference,13,INRB_reference,NA,NA,NA
2,cumulative_deaths,reference,4,INRB_reference,NA,NA,NA
2,suspected_cases_investigation,reference,246,INRB_reference,NA,NA,NA
4,alerts_validated,surveillance,16,tbl_alerts_validated,NA,NA,NA
4,case_fatality_ratio,deaths,12.1,computed_from_INRB,NA,NA,NA
4,cumulative_confirmed_cases,reference,33,INRB_reference,NA,NA,NA
4,cumulative_deaths,reference,4,INRB_reference,NA,NA,NA
4,samples_received,laboratory,27,narr_samples_received,NA,NA,NA
4,suspected_cases_investigation,reference,516,INRB_reference,NA,NA,NA
5,case_fatality_ratio,deaths,7.8,computed_from_INRB,NA,NA,NA
5,cumulative_confirmed_cases,reference,51,INRB_reference,NA,NA,NA
5,cumulative_deaths,reference,4,INRB_reference,NA,NA,NA
5,new_confirmed_cases,cases,59,derived_from_valid_cumulative_difference_vs_sitrep_4,NA,NA,NA
5,new_deaths,deaths,17,derived_from_valid_cumulative_difference_vs_sitrep_4,NA,NA,NA
5,samples_received,laboratory,46,narr_samples_received,NA,NA,NA
5,suspected_cases_investigation,reference,575,INRB_reference,NA,NA,NA
6,alerts_validated,surveillance,8,tbl_alerts_validated,NA,NA,NA
6,case_fatality_ratio,deaths,9.4,computed_from_INRB,NA,NA,NA
6,cumulative_confirmed_cases,reference,64,INRB_reference,NA,NA,NA
6,cumulative_deaths,reference,6,INRB_reference,NA,NA,NA
6,new_confirmed_cases,cases,1306,derived_from_valid_cumulative_difference_vs_sitrep_5,NA,NA,NA
6,new_deaths,deaths,1733,derived_from_valid_cumulative_difference_vs_sitrep_5,NA,NA,NA
6,samples_received,laboratory,218,narr_samples_received,NA,NA,NA
6,suspected_cases_investigation,reference,671,INRB_reference,NA,NA,NA
7,case_fatality_ratio,deaths,10.8,computed_from_INRB,NA,NA,NA
7,cumulative_confirmed_cases,reference,83,INRB_reference,NA,NA,NA
7,cumulative_deaths,reference,9,INRB_reference,NA,NA,NA
7,suspected_cases_investigation,reference,746,INRB_reference,NA,NA,NA
8,case_fatality_ratio,deaths,11,computed_from_INRB,NA,NA,NA
8,cumulative_confirmed_cases,reference,91,INRB_reference,NA,NA,NA
8,cumulative_deaths,reference,10,INRB_reference,NA,NA,NA
8,suspected_cases_investigation,reference,867,INRB_reference,NA,NA,NA
9,case_fatality_ratio,deaths,9.9,computed_from_INRB,NA,NA,NA
9,cumulative_confirmed_cases,reference,101,INRB_reference,NA,NA,NA
9,cumulative_deaths,reference,10,INRB_reference,NA,NA,NA
9,suspected_cases_investigation,reference,904,INRB_reference,NA,NA,NA
10,case_fatality_ratio,deaths,9.5,computed_from_INRB,NA,NA,NA
10,cumulative_confirmed_cases,reference,105,INRB_reference,NA,NA,NA
10,cumulative_deaths,reference,10,INRB_reference,NA,NA,NA
10,suspected_cases_investigation,reference,906,INRB_reference,NA,NA,NA
11,case_fatality_ratio,deaths,11.3,computed_from_INRB,NA,NA,NA
11,cumulative_confirmed_cases,reference,106,INRB_reference,NA,NA,NA
11,cumulative_deaths,reference,12,INRB_reference,NA,NA,NA
11,suspected_cases_investigation,reference,998,INRB_reference,NA,NA,NA
12,case_fatality_ratio,deaths,14,computed_from_INRB,NA,NA,NA
12,contacts_followed_up,contacts,944,narr_contacts_followed,NA,NA,NA
12,cumulative_confirmed_cases,reference,121,INRB_reference,NA,NA,NA
12,cumulative_deaths,reference,17,INRB_reference,NA,NA,NA
12,doses_vaccine_administered,vaccination,190,narr_persons_vaccinated,NA,NA,NA
12,samples_analyzed,laboratory,9,tbl_samples_analyzed,NA,NA,NA
12,suspected_cases_investigation,reference,1077,INRB_reference,NA,NA,NA
13,case_fatality_ratio,deaths,13.6,computed_from_INRB,NA,NA,NA
13,contacts_followed_up,contacts,1048,narr_contacts_followed,NA,NA,NA
13,cumulative_confirmed_cases,reference,125,INRB_reference,NA,NA,NA
13,cumulative_deaths,reference,17,INRB_reference,NA,NA,NA
13,samples_analyzed,laboratory,6,tbl_samples_analyzed,NA,NA,NA
13,suspected_cases_investigation,reference,906,INRB_reference,NA,NA,NA
14,case_fatality_ratio,deaths,8.1,computed_from_INRB,NA,NA,NA
14,contacts_followed_up,contacts,990,narr_contacts_followed,NA,NA,NA
14,cumulative_confirmed_cases,reference,210,INRB_reference,NA,NA,NA
14,cumulative_deaths,reference,17,INRB_reference,NA,NA,NA
14,samples_analyzed,laboratory,14,tbl_samples_analyzed,NA,NA,NA
14,suspected_cases_investigation,reference,349,INRB_reference,NA,NA,NA
15,alerts_investigated,surveillance,85,narr_alerts_investigated,NA,NA,NA
15,alerts_reported,surveillance,0,tbl_alerts_reported,NA,NA,NA
15,case_fatality_ratio,deaths,16,computed_from_INRB,NA,NA,NA
15,cumulative_confirmed_cases,reference,263,INRB_reference,NA,NA,NA
15,cumulative_deaths,reference,42,INRB_reference,NA,NA,NA
15,samples_analyzed,laboratory,70,tbl_samples_analyzed,NA,NA,NA
15,samples_received,laboratory,70,narr_samples_received,NA,NA,NA
15,suspected_cases_investigation,reference,349,INRB_reference,NA,NA,NA
16,alerts_investigated,surveillance,84,narr_alerts_investigated,NA,NA,NA
16,alerts_reported,surveillance,0,tbl_alerts_reported,NA,NA,NA
16,case_fatality_ratio,deaths,17.6,computed_from_INRB,NA,NA,NA
16,cumulative_confirmed_cases,reference,238,INRB_reference,NA,NA,NA
16,cumulative_deaths,reference,42,INRB_reference,NA,NA,NA
16,samples_collected,laboratory,52,narr_samples_collected,NA,NA,NA
16,samples_positive,laboratory,19,narr_samples_positive,NA,NA,NA
16,suspected_cases_investigation,reference,321,INRB_reference,NA,NA,NA
17,alerts_investigated,surveillance,170,tbl_alerts_investigated,NA,NA,NA
17,alerts_investigation_rate,surveillance,88.5,tbl_alerts_investigation_rate,NA,NA,NA
17,alerts_reported,surveillance,192,tbl_alerts_reported,NA,NA,NA
17,alerts_validated,surveillance,117,tbl_alerts_validated,NA,NA,NA
17,case_fatality_ratio,deaths,15,computed_from_INRB,NA,NA,NA
17,cases_ituri,cases,299,province_row_ituri,NA,NA,NA
17,cases_nordkivu,cases,19,province_row_nordkivu,NA,NA,NA
17,cases_sudkivu,cases,3,province_row_sudkivu,NA,NA,NA
17,cumulative_confirmed_cases,reference,321,INRB_reference,NA,NA,NA
17,cumulative_deaths,reference,48,INRB_reference,NA,NA,NA
17,deaths_ituri,deaths,46,province_row_ituri,NA,NA,NA
17,deaths_nordkivu,deaths,1,province_row_nordkivu,NA,NA,NA
17,deaths_sudkivu,deaths,1,province_row_sudkivu,NA,NA,NA
17,hz_affected_national,geography,23,total_row_cases_deaths_cfr_hz,NA,NA,NA
17,lab_positivity_rate,laboratory,66.6,tbl_lab_positivity,NA,NA,NA
17,patients_in_isolation,care,129,patients_isolation,NA,NA,NA
17,recovered_today,care,4,recovered_today,NA,NA,NA
17,samples_analyzed,laboratory,18,tbl_samples_analyzed,NA,NA,NA
17,samples_collected,laboratory,65,tbl_samples_collected,NA,NA,NA
17,samples_positive,laboratory,12,tbl_samples_positive,NA,NA,NA
17,suspected_cases_investigation,reference,220,INRB_reference,NA,NA,NA
18,alerts_reported,surveillance,137,tbl_alerts_reported,NA,NA,NA
18,alerts_validated,surveillance,85,tbl_alerts_validated,NA,NA,NA
18,case_fatality_ratio,deaths,17.4,computed_from_INRB,NA,NA,NA
18,cases_ituri,cases,322,province_row_ituri,NA,NA,NA
18,cases_nordkivu,cases,510,province_row_nordkivu,NA,NA,NA
18,cases_sudkivu,cases,150,province_row_sudkivu,NA,NA,NA
18,cumulative_confirmed_cases,reference,344,INRB_reference,NA,NA,NA
18,cumulative_deaths,reference,60,INRB_reference,NA,NA,NA
18,deaths_ituri,deaths,350,province_row_ituri,NA,NA,NA
18,deaths_nordkivu,deaths,301,province_row_nordkivu,NA,NA,NA
18,deaths_sudkivu,deaths,142,province_row_sudkivu,NA,NA,NA
18,hz_affected_national,geography,24,total_row_cases_deaths_cfr_hz,NA,NA,NA
18,lab_positivity_rate,laboratory,30.3,tbl_lab_positivity,NA,NA,NA
18,samples_analyzed,laboratory,76,tbl_samples_analyzed,NA,NA,NA
18,samples_collected,laboratory,76,tbl_samples_collected,NA,NA,NA
18,samples_positive,laboratory,23,tbl_samples_positive,NA,NA,NA
18,suspected_cases_investigation,reference,289,INRB_reference,NA,NA,NA
19,alerts_reported,surveillance,158,tbl_alerts_reported,NA,NA,NA
19,alerts_validated,surveillance,122,tbl_alerts_validated,NA,NA,NA
19,case_fatality_ratio,deaths,17.1,computed_from_INRB,NA,NA,NA
19,cases_ituri,cases,341,province_row_ituri,NA,NA,NA
19,cases_nordkivu,cases,519,province_row_nordkivu,NA,NA,NA
19,cases_sudkivu,cases,137,province_row_sudkivu,NA,NA,NA
19,cumulative_confirmed_cases,reference,363,INRB_reference,NA,NA,NA
19,cumulative_deaths,reference,62,INRB_reference,NA,NA,NA
19,deaths_ituri,deaths,637,province_row_ituri,NA,NA,NA
19,deaths_nordkivu,deaths,326,province_row_nordkivu,NA,NA,NA
19,deaths_sudkivu,deaths,131,province_row_sudkivu,NA,NA,NA
19,suspected_cases_investigation,reference,206,INRB_reference,NA,NA,NA
20,alerts_reported,surveillance,166,tbl_alerts_reported,NA,NA,NA
20,alerts_validated,surveillance,141,tbl_alerts_validated,NA,NA,NA
20,case_fatality_ratio,deaths,16.8,computed_from_INRB,NA,NA,NA
20,cases_ituri,cases,359,province_row_ituri,NA,NA,NA
20,cases_nordkivu,cases,533,province_row_nordkivu,NA,NA,NA
20,cases_sudkivu,cases,181,province_row_sudkivu,NA,NA,NA
20,cumulative_confirmed_cases,reference,381,INRB_reference,NA,NA,NA
20,cumulative_deaths,reference,64,INRB_reference,NA,NA,NA
20,deaths_ituri,deaths,837,province_row_ituri,NA,NA,NA
20,deaths_nordkivu,deaths,343,province_row_nordkivu,NA,NA,NA
20,deaths_sudkivu,deaths,150,province_row_sudkivu,NA,NA,NA
20,hz_affected_ituri,geography,17,hz_affected_ituri,NA,NA,NA
20,hz_affected_nordkivu,geography,7,hz_affected_nordkivu,NA,NA,NA
20,hz_affected_sudkivu,geography,1,hz_affected_sudkivu,NA,NA,NA
21,alerts_reported,surveillance,146,tbl_alerts_reported,NA,NA,NA
21,alerts_validated,surveillance,104,tbl_alerts_validated,NA,NA,NA
21,case_fatality_ratio,deaths,18.1,computed_from_INRB,NA,NA,NA
21,cases_ituri,cases,424,province_row_ituri,NA,NA,NA
21,cases_nordkivu,cases,589,province_row_nordkivu,NA,NA,NA
21,cases_sudkivu,cases,180,province_row_sudkivu,NA,NA,NA
21,cumulative_confirmed_cases,reference,452,INRB_reference,NA,NA,NA
21,cumulative_deaths,reference,82,INRB_reference,NA,NA,NA
21,deaths_ituri,deaths,997,province_row_ituri,NA,NA,NA
21,deaths_nordkivu,deaths,424,province_row_nordkivu,NA,NA,NA
21,deaths_sudkivu,deaths,150,province_row_sudkivu,NA,NA,NA
21,hz_affected_ituri,geography,17,hz_affected_ituri,NA,NA,NA
21,hz_affected_national,geography,25,total_row_cases_deaths_cfr_hz,NA,NA,NA
21,hz_affected_nordkivu,geography,7,hz_affected_nordkivu,NA,NA,NA
21,hz_affected_sudkivu,geography,1,hz_affected_sudkivu,NA,NA,NA
21,samples_positive,laboratory,6,narr_samples_positive,NA,NA,NA
21,suspected_cases_investigation,reference,153,INRB_reference,NA,NA,NA
22,alerts_reported,surveillance,97,tbl_alerts_reported,NA,NA,NA
22,alerts_validated,surveillance,72,tbl_alerts_validated,NA,NA,NA
22,case_fatality_ratio,deaths,17.6,computed_from_INRB,NA,NA,NA
22,cases_ituri,cases,460,province_row_ituri,NA,NA,NA
22,cases_nordkivu,cases,689,province_row_nordkivu,NA,NA,NA
22,cases_sudkivu,cases,187,province_row_sudkivu,NA,NA,NA
22,cumulative_confirmed_cases,reference,488,INRB_reference,NA,NA,NA
22,cumulative_deaths,reference,86,INRB_reference,NA,NA,NA
22,deaths_ituri,deaths,281,province_row_ituri,NA,NA,NA
22,deaths_nordkivu,deaths,578,province_row_nordkivu,NA,NA,NA
22,deaths_sudkivu,deaths,184,province_row_sudkivu,NA,NA,NA
22,hz_affected_ituri,geography,17,hz_affected_ituri,NA,NA,NA
22,hz_affected_national,geography,25,total_row_cases_deaths_cfr_hz,NA,NA,NA
22,hz_affected_nordkivu,geography,7,hz_affected_nordkivu,NA,NA,NA
22,hz_affected_sudkivu,geography,1,hz_affected_sudkivu,NA,NA,NA
22,suspected_cases_investigation,reference,119,INRB_reference,NA,NA,NA
23,alerts_reported,surveillance,134,tbl_alerts_reported,NA,NA,NA
23,alerts_validated,surveillance,86,tbl_alerts_validated,NA,NA,NA
23,case_fatality_ratio,deaths,17.7,computed_from_INRB,NA,NA,NA
23,cases_ituri,cases,487,province_row_ituri,NA,NA,NA
23,cases_nordkivu,cases,699,province_row_nordkivu,NA,NA,NA
23,cases_sudkivu,cases,223,province_row_sudkivu,NA,NA,NA
23,cumulative_confirmed_cases,reference,515,INRB_reference,NA,NA,NA
23,cumulative_deaths,reference,91,INRB_reference,NA,NA,NA
23,deaths_ituri,deaths,118,province_row_ituri,NA,NA,NA
23,deaths_nordkivu,deaths,577,province_row_nordkivu,NA,NA,NA
23,deaths_sudkivu,deaths,179,province_row_sudkivu,NA,NA,NA
23,hz_affected_ituri,geography,17,hz_affected_ituri,NA,NA,NA
23,hz_affected_national,geography,25,total_row_cases_deaths_cfr_hz,NA,NA,NA
23,hz_affected_nordkivu,geography,7,hz_affected_nordkivu,NA,NA,NA
23,hz_affected_sudkivu,geography,1,hz_affected_sudkivu,NA,NA,NA
23,suspected_cases_investigation,reference,117,INRB_reference,NA,NA,NA
24,alerts_reported,surveillance,153,tbl_alerts_reported,NA,NA,NA
24,alerts_validated,surveillance,3,tbl_alerts_validated,NA,NA,NA
24,case_fatality_ratio,deaths,18.4,computed_from_INRB,NA,NA,NA
24,cases_ituri,cases,518,province_row_ituri,NA,NA,NA
24,cases_nordkivu,cases,738,province_row_nordkivu,NA,NA,NA
24,cases_sudkivu,cases,226,province_row_sudkivu,NA,NA,NA
24,cumulative_confirmed_cases,reference,550,INRB_reference,NA,NA,NA
24,cumulative_deaths,reference,101,INRB_reference,NA,NA,NA
24,deaths_ituri,deaths,454,province_row_ituri,NA,NA,NA
24,deaths_nordkivu,deaths,587,province_row_nordkivu,NA,NA,NA
24,deaths_sudkivu,deaths,224,province_row_sudkivu,NA,NA,NA
24,hz_affected_ituri,geography,17,hz_affected_ituri,NA,NA,NA
24,hz_affected_national,geography,25,total_row_cases_deaths_cfr_hz,NA,NA,NA
24,hz_affected_nordkivu,geography,7,hz_affected_nordkivu,NA,NA,NA
24,hz_affected_sudkivu,geography,1,hz_affected_sudkivu,NA,NA,NA
24,suspected_cases_investigation,reference,94,INRB_reference,NA,NA,NA
25,alerts_reported,surveillance,140,tbl_alerts_reported,NA,NA,NA
25,alerts_validated,surveillance,5,tbl_alerts_validated,NA,NA,NA
25,case_fatality_ratio,deaths,19.2,computed_from_INRB,NA,NA,NA
25,cases_ituri,cases,563,province_row_ituri,NA,NA,NA
25,cases_nordkivu,cases,703,province_row_nordkivu,NA,NA,NA
25,cases_sudkivu,cases,226,province_row_sudkivu,NA,NA,NA
25,cumulative_confirmed_cases,reference,598,INRB_reference,NA,NA,NA
25,cumulative_deaths,reference,115,INRB_reference,NA,NA,NA
25,deaths_ituri,deaths,752,province_row_ituri,NA,NA,NA
25,deaths_nordkivu,deaths,533,province_row_nordkivu,NA,NA,NA
25,deaths_sudkivu,deaths,181,province_row_sudkivu,NA,NA,NA
25,hz_affected_ituri,geography,17,hz_affected_ituri,NA,NA,NA
25,hz_affected_national,geography,25,total_row_cases_deaths_cfr_hz,NA,NA,NA
25,hz_affected_nordkivu,geography,7,hz_affected_nordkivu,NA,NA,NA
25,hz_affected_sudkivu,geography,1,hz_affected_sudkivu,NA,NA,NA
25,suspected_cases_investigation,reference,138,INRB_reference,NA,NA,NA
26,alerts_reported,surveillance,78,tbl_alerts_reported,NA,NA,NA
26,alerts_validated,surveillance,3,tbl_alerts_validated,NA,NA,NA
26,case_fatality_ratio,deaths,20,computed_from_INRB,NA,NA,NA
26,cases_ituri,cases,600,province_row_ituri,NA,NA,NA
26,cases_nordkivu,cases,841,province_row_nordkivu,NA,NA,NA
26,cases_sudkivu,cases,226,province_row_sudkivu,NA,NA,NA
26,cumulative_confirmed_cases,reference,635,INRB_reference,NA,NA,NA
26,cumulative_deaths,reference,127,INRB_reference,NA,NA,NA
26,deaths_ituri,deaths,955,province_row_ituri,NA,NA,NA
26,deaths_nordkivu,deaths,597,province_row_nordkivu,NA,NA,NA
26,deaths_sudkivu,deaths,222,province_row_sudkivu,NA,NA,NA
26,hz_affected_ituri,geography,18,hz_affected_ituri,NA,NA,NA
26,hz_affected_national,geography,26,total_row_cases_deaths_cfr_hz,NA,NA,NA
26,hz_affected_nordkivu,geography,7,hz_affected_nordkivu,NA,NA,NA
26,hz_affected_sudkivu,geography,1,hz_affected_sudkivu,NA,NA,NA
26,suspected_cases_investigation,reference,119,INRB_reference,NA,NA,NA
27,alerts_reported,surveillance,143,tbl_alerts_reported,NA,NA,NA
27,alerts_validated,surveillance,3,tbl_alerts_validated,NA,NA,NA
27,case_fatality_ratio,deaths,20.1,computed_from_INRB,NA,NA,NA
27,cases_ituri,cases,629,province_row_ituri,NA,NA,NA
27,cases_nordkivu,cases,841,province_row_nordkivu,NA,NA,NA
27,cases_sudkivu,cases,224,province_row_sudkivu,NA,NA,NA
27,cumulative_confirmed_cases,reference,676,INRB_reference,NA,NA,NA
27,cumulative_deaths,reference,136,INRB_reference,NA,NA,NA
27,deaths_ituri,deaths,703,province_row_ituri,NA,NA,NA
27,deaths_nordkivu,deaths,597,province_row_nordkivu,NA,NA,NA
27,deaths_sudkivu,deaths,187,province_row_sudkivu,NA,NA,NA
27,hz_affected_ituri,geography,19,hz_affected_ituri,NA,NA,NA
27,hz_affected_national,geography,29,total_row_cases_deaths_cfr_hz,NA,NA,NA
27,hz_affected_nordkivu,geography,9,hz_affected_nordkivu,NA,NA,NA
27,hz_affected_sudkivu,geography,1,hz_affected_sudkivu,NA,NA,NA
27,suspected_cases_investigation,reference,119,INRB_reference,NA,NA,NA
28,alerts_reported,surveillance,143,tbl_alerts_reported,NA,NA,NA
28,alerts_validated,surveillance,3,tbl_alerts_validated,NA,NA,NA
28,case_fatality_ratio,deaths,20.2,computed_from_INRB,NA,NA,NA
28,cases_ituri,cases,646,province_row_ituri,NA,NA,NA
28,cases_nordkivu,cases,1037,province_row_nordkivu,NA,NA,NA
28,cases_sudkivu,cases,224,province_row_sudkivu,NA,NA,NA
28,cumulative_confirmed_cases,reference,689,INRB_reference,NA,NA,NA
28,cumulative_deaths,reference,139,INRB_reference,NA,NA,NA
28,deaths_ituri,deaths,782,province_row_ituri,NA,NA,NA
28,deaths_nordkivu,deaths,700,province_row_nordkivu,NA,NA,NA
28,deaths_sudkivu,deaths,185,province_row_sudkivu,NA,NA,NA
28,hz_affected_ituri,geography,19,hz_affected_ituri,NA,NA,NA
28,hz_affected_national,geography,29,total_row_cases_deaths_cfr_hz,NA,NA,NA
28,hz_affected_nordkivu,geography,9,hz_affected_nordkivu,NA,NA,NA
28,hz_affected_sudkivu,geography,1,hz_affected_sudkivu,NA,NA,NA
28,suspected_cases_investigation,reference,168,INRB_reference,NA,NA,NA
30,alerts_reported,surveillance,152,tbl_alerts_reported,NA,NA,NA
30,alerts_validated,surveillance,2,tbl_alerts_validated,NA,NA,NA
30,case_fatality_ratio,deaths,23.1,computed_from_INRB,NA,NA,NA
30,cases_ituri,cases,717,province_row_ituri,NA,NA,NA
30,cases_nordkivu,cases,62,province_row_nordkivu,NA,NA,NA
30,cases_sudkivu,cases,80,province_row_sudkivu,NA,NA,NA
30,cumulative_confirmed_cases,reference,782,INRB_reference,NA,NA,NA
30,cumulative_deaths,reference,181,INRB_reference,NA,NA,NA
30,deaths_ituri,deaths,146,province_row_ituri,NA,NA,NA
30,deaths_nordkivu,deaths,130,province_row_nordkivu,NA,NA,NA
30,deaths_sudkivu,deaths,80,province_row_sudkivu,NA,NA,NA
30,hz_affected_ituri,geography,20,hz_affected_ituri,NA,NA,NA
30,hz_affected_national,geography,31,total_row_cases_deaths_cfr_hz,NA,NA,NA
30,hz_affected_nordkivu,geography,10,hz_affected_nordkivu,NA,NA,NA
30,hz_affected_sudkivu,geography,1,hz_affected_sudkivu,NA,NA,NA
30,samples_positive,laboratory,16,narr_samples_positive,NA,NA,NA
30,suspected_cases_investigation,reference,136,INRB_reference,NA,NA,NA
31,alerts_reported,surveillance,241,tbl_alerts_reported,NA,NA,NA
31,alerts_validated,surveillance,7,tbl_alerts_validated,NA,NA,NA
31,case_fatality_ratio,deaths,23.8,total_row_cases_deaths_cfr_hz,NA,NA,NA
31,cases_ituri,cases,738,province_row_ituri,NA,NA,NA
31,cases_nordkivu,cases,67,province_row_nordkivu,NA,NA,NA
31,cases_sudkivu,cases,80,province_row_sudkivu,NA,NA,NA
31,deaths_ituri,deaths,828,province_row_ituri,NA,NA,NA
31,deaths_nordkivu,deaths,212,province_row_nordkivu,NA,NA,NA
31,deaths_sudkivu,deaths,80,province_row_sudkivu,NA,NA,NA
31,hz_affected_ituri,geography,20,hz_affected_ituri,NA,NA,NA
31,hz_affected_national,geography,31,total_row_cases_deaths_cfr_hz,NA,NA,NA
31,hz_affected_nordkivu,geography,10,hz_affected_nordkivu,NA,NA,NA
31,hz_affected_sudkivu,geography,1,hz_affected_sudkivu,NA,NA,NA
31,samples_positive,laboratory,5,narr_samples_positive,NA,NA,NA
32,alerts_reported,surveillance,276,tbl_alerts_reported,NA,NA,NA
32,alerts_validated,surveillance,7,tbl_alerts_validated,NA,NA,NA
32,case_fatality_ratio,deaths,23.4,total_row_cases_deaths_cfr_hz,NA,NA,NA
32,cases_ituri,cases,767,province_row_ituri,NA,NA,NA
32,cases_nordkivu,cases,67,province_row_nordkivu,NA,NA,NA
32,cases_sudkivu,cases,80,province_row_sudkivu,NA,NA,NA
32,deaths_ituri,deaths,208,province_row_ituri,NA,NA,NA
32,deaths_nordkivu,deaths,187,province_row_nordkivu,NA,NA,NA
32,deaths_sudkivu,deaths,74,province_row_sudkivu,NA,NA,NA
32,hz_affected_ituri,geography,20,hz_affected_ituri,NA,NA,NA
32,hz_affected_national,geography,31,total_row_cases_deaths_cfr_hz,NA,NA,NA
32,hz_affected_nordkivu,geography,10,hz_affected_nordkivu,NA,NA,NA
32,hz_affected_sudkivu,geography,1,hz_affected_sudkivu,NA,NA,NA
33,alerts_reported,surveillance,391,tbl_alerts_reported,NA,NA,NA
33,alerts_validated,surveillance,4,tbl_alerts_validated,NA,NA,NA
33,case_fatality_ratio,deaths,23.1,total_row_cases_deaths_cfr_hz,NA,NA,NA
33,cases_ituri,cases,799,province_row_ituri,NA,NA,NA
33,cases_nordkivu,cases,1,province_row_nordkivu,NA,NA,NA
33,cases_sudkivu,cases,80,province_row_sudkivu,NA,NA,NA
33,deaths_ituri,deaths,309,province_row_ituri,NA,NA,NA
33,deaths_nordkivu,deaths,467,province_row_nordkivu,NA,NA,NA
33,deaths_sudkivu,deaths,80,province_row_sudkivu,NA,NA,NA
33,hz_affected_ituri,geography,21,hz_affected_ituri,NA,NA,NA
33,hz_affected_national,geography,33,total_row_cases_deaths_cfr_hz,NA,NA,NA
33,hz_affected_nordkivu,geography,11,hz_affected_nordkivu,NA,NA,NA
33,hz_affected_sudkivu,geography,1,hz_affected_sudkivu,NA,NA,NA
34,alerts_reported,surveillance,266,tbl_alerts_reported,NA,NA,NA
34,alerts_validated,surveillance,4,tbl_alerts_validated,NA,NA,NA
34,case_fatality_ratio,deaths,26.3,total_row_cases_deaths_cfr_hz,NA,NA,NA
34,cases_ituri,cases,817,province_row_ituri,NA,NA,NA
34,cases_nordkivu,cases,76,province_row_nordkivu,NA,NA,NA
34,cases_sudkivu,cases,80,province_row_sudkivu,NA,NA,NA
34,deaths_ituri,deaths,659,province_row_ituri,NA,NA,NA
34,deaths_nordkivu,deaths,628,province_row_nordkivu,NA,NA,NA
34,deaths_sudkivu,deaths,80,province_row_sudkivu,NA,NA,NA
34,hz_affected_ituri,geography,21,hz_affected_ituri,NA,NA,NA
34,hz_affected_national,geography,33,total_row_cases_deaths_cfr_hz,NA,NA,NA
34,hz_affected_nordkivu,geography,11,hz_affected_nordkivu,NA,NA,NA
34,hz_affected_sudkivu,geography,1,hz_affected_sudkivu,NA,NA,NA
35,alerts_reported,surveillance,436,tbl_alerts_reported,NA,NA,NA
35,alerts_validated,surveillance,3,tbl_alerts_validated,NA,NA,NA
35,case_fatality_ratio,deaths,26.3,total_row_cases_deaths_cfr_hz,NA,NA,NA
35,cases_ituri,cases,853,province_row_ituri,NA,NA,NA
35,cases_nordkivu,cases,77,province_row_nordkivu,NA,NA,NA
35,cases_sudkivu,cases,118,province_row_sudkivu,NA,NA,NA
35,deaths_ituri,deaths,199,province_row_ituri,NA,NA,NA
35,deaths_nordkivu,deaths,821,province_row_nordkivu,NA,NA,NA
35,deaths_sudkivu,deaths,118,province_row_sudkivu,NA,NA,NA
35,hz_affected_ituri,geography,22,hz_affected_ituri,NA,NA,NA
35,hz_affected_national,geography,34,total_row_cases_deaths_cfr_hz,NA,NA,NA
35,hz_affected_nordkivu,geography,11,hz_affected_nordkivu,NA,NA,NA
35,hz_affected_sudkivu,geography,1,hz_affected_sudkivu,NA,NA,NA
36,alerts_reported,surveillance,233,tbl_alerts_reported,NA,NA,NA
36,alerts_validated,surveillance,1,tbl_alerts_validated,NA,NA,NA
36,case_fatality_ratio,deaths,70.3,total_row_cases_deaths_cfr_hz,NA,NA,NA
36,cases_ituri,cases,874,province_row_ituri,NA,NA,NA
36,cases_nordkivu,cases,79,province_row_nordkivu,NA,NA,NA
36,cases_sudkivu,cases,3,province_row_sudkivu,NA,NA,NA
36,deaths_ituri,deaths,688,province_row_ituri,NA,NA,NA
36,deaths_nordkivu,deaths,698,province_row_nordkivu,NA,NA,NA
36,deaths_sudkivu,deaths,1,province_row_sudkivu,NA,NA,NA
36,hz_affected_ituri,geography,22,hz_affected_ituri,NA,NA,NA
36,hz_affected_national,geography,34,total_row_cases_deaths_cfr_hz,NA,NA,NA
36,hz_affected_nordkivu,geography,11,hz_affected_nordkivu,NA,NA,NA
36,hz_affected_sudkivu,geography,1,hz_affected_sudkivu,NA,NA,NA
37,alerts_reported,surveillance,393,tbl_alerts_reported,NA,NA,NA
37,case_fatality_ratio,deaths,25.3,total_row_cases_deaths_cfr_hz,NA,NA,NA
37,cases_ituri,cases,916,province_row_ituri,NA,NA,NA
37,cases_nordkivu,cases,84,province_row_nordkivu,NA,NA,NA
37,cases_sudkivu,cases,58,province_row_sudkivu,NA,NA,NA
37,deaths_ituri,deaths,920,province_row_ituri,NA,NA,NA
37,deaths_nordkivu,deaths,935,province_row_nordkivu,NA,NA,NA
37,deaths_sudkivu,deaths,58,province_row_sudkivu,NA,NA,NA
37,hz_affected_ituri,geography,22,hz_affected_ituri,NA,NA,NA
37,hz_affected_national,geography,34,total_row_cases_deaths_cfr_hz,NA,NA,NA
37,hz_affected_nordkivu,geography,11,hz_affected_nordkivu,NA,NA,NA
37,hz_affected_sudkivu,geography,1,hz_affected_sudkivu,NA,NA,NA
37,samples_collected,laboratory,5,narr_samples_collected,NA,NA,NA
38,alerts_reported,surveillance,300,tbl_alerts_reported,NA,NA,NA
38,case_fatality_ratio,deaths,70.3,total_row_cases_deaths_cfr_hz,NA,NA,NA
38,cases_ituri,cases,954,province_row_ituri,NA,NA,NA
38,cases_nordkivu,cases,91,province_row_nordkivu,NA,NA,NA
38,cases_sudkivu,cases,58,province_row_sudkivu,NA,NA,NA
38,contacts_followed_up,contacts,2026,narr_contacts_followed,NA,NA,NA
38,deaths_ituri,deaths,216,province_row_ituri,NA,NA,NA
38,deaths_nordkivu,deaths,122,province_row_nordkivu,NA,NA,NA
38,deaths_sudkivu,deaths,58,province_row_sudkivu,NA,NA,NA
38,hz_affected_ituri,geography,22,hz_affected_ituri,NA,NA,NA
38,hz_affected_national,geography,34,total_row_cases_deaths_cfr_hz,NA,NA,NA
38,hz_affected_nordkivu,geography,11,hz_affected_nordkivu,NA,NA,NA
38,hz_affected_sudkivu,geography,1,hz_affected_sudkivu,NA,NA,NA
38,samples_collected,laboratory,3,narr_samples_collected,NA,NA,NA
39,alerts_reported,surveillance,175,tbl_alerts_reported,NA,NA,NA
39,case_fatality_ratio,deaths,70.3,total_row_cases_deaths_cfr_hz,NA,NA,NA
39,cases_ituri,cases,997,province_row_ituri,NA,NA,NA
39,cases_nordkivu,cases,94,province_row_nordkivu,NA,NA,NA
39,cases_sudkivu,cases,96,province_row_sudkivu,NA,NA,NA
39,deaths_ituri,deaths,244,province_row_ituri,NA,NA,NA
39,deaths_nordkivu,deaths,50,province_row_nordkivu,NA,NA,NA
39,deaths_sudkivu,deaths,96,province_row_sudkivu,NA,NA,NA
39,hz_affected_ituri,geography,22,hz_affected_ituri,NA,NA,NA
39,hz_affected_national,geography,34,total_row_cases_deaths_cfr_hz,NA,NA,NA
39,hz_affected_nordkivu,geography,11,hz_affected_nordkivu,NA,NA,NA
39,hz_affected_sudkivu,geography,1,hz_affected_sudkivu,NA,NA,NA
39,samples_positive,laboratory,3,narr_samples_positive,NA,NA,NA
40,alerts_reported,surveillance,699,narr_alerts_reported,NA,NA,NA
40,case_fatality_ratio,deaths,70.3,total_row_cases_deaths_cfr_hz,NA,NA,NA
40,cases_ituri,cases,1020,province_row_ituri,NA,NA,NA
40,cases_nordkivu,cases,95,province_row_nordkivu,NA,NA,NA
40,cases_sudkivu,cases,96,province_row_sudkivu,NA,NA,NA
40,deaths_ituri,deaths,312,province_row_ituri,NA,NA,NA
40,deaths_nordkivu,deaths,938,province_row_nordkivu,NA,NA,NA
40,deaths_sudkivu,deaths,96,province_row_sudkivu,NA,NA,NA
40,hz_affected_ituri,geography,22,hz_affected_ituri,NA,NA,NA
40,hz_affected_national,geography,34,total_row_cases_deaths_cfr_hz,NA,NA,NA
40,hz_affected_nordkivu,geography,11,hz_affected_nordkivu,NA,NA,NA
40,hz_affected_sudkivu,geography,1,hz_affected_sudkivu,NA,NA,NA
56,case_fatality_ratio,deaths,4.2,computed_cfr,NA,NA,NA
56,cases_ituri,cases,1663,table_ituri,NA,NA,NA
56,cases_nordkivu,cases,164,table_nk,NA,NA,NA
56,cases_sudkivu,cases,3,table_sk,NA,NA,NA
56,contacts_followed_up,contacts,10,regex_contacts_followup2,NA,NA,NA
56,cumulative_deaths,deaths,35,narr_dont_deces,NA,NA,NA
56,deaths_ituri,deaths,553,table_ituri,NA,NA,NA
56,deaths_nordkivu,deaths,94,table_nk,NA,NA,NA
56,deaths_sudkivu,deaths,1,table_sk,NA,NA,NA
56,hz_affected_ituri,geography,25,regex_hz_ituri,NA,NA,NA
56,hz_affected_nordkivu,geography,11,regex_hz_nordkivu,NA,NA,NA
56,hz_affected_sudkivu,geography,1,regex_hz_sudkivu,NA,NA,NA
56,new_confirmed_cases,cases,38,narr_nouveaux,NA,NA,NA
57,case_fatality_ratio,deaths,4,computed_cfr,NA,NA,NA
57,cases_ituri,cases,1705,table_ituri,NA,NA,NA
57,cases_nordkivu,cases,165,table_nk,NA,NA,NA
57,cases_sudkivu,cases,3,table_sk,NA,NA,NA
57,contacts_followed_up,contacts,11,regex_contacts_followup2,NA,NA,NA
57,cumulative_deaths,deaths,35,narr_dont_deces,NA,NA,NA
57,deaths_ituri,deaths,577,table_ituri,NA,NA,NA
57,deaths_nordkivu,deaths,94,table_nk,NA,NA,NA
57,deaths_sudkivu,deaths,1,table_sk,NA,NA,NA
57,hz_affected_ituri,geography,25,regex_hz_ituri,NA,NA,NA
57,hz_affected_nordkivu,geography,11,regex_hz_nordkivu,NA,NA,NA
57,hz_affected_sudkivu,geography,1,regex_hz_sudkivu,NA,NA,NA
57,new_confirmed_cases,cases,43,narr_nouveaux,NA,NA,NA
58,case_fatality_ratio,deaths,3.8,computed_cfr,NA,NA,NA
58,cases_ituri,cases,1745,table_ituri,NA,NA,NA
58,cases_nordkivu,cases,173,table_nk,NA,NA,NA
58,cases_sudkivu,cases,3,table_sk,NA,NA,NA
58,contacts_followed_up,contacts,10450,regex_contacts_followup2,NA,NA,NA
58,cumulative_deaths,deaths,35,narr_dont_deces,NA,NA,NA
58,deaths_ituri,deaths,601,table_ituri,NA,NA,NA
58,deaths_nordkivu,deaths,97,table_nk,NA,NA,NA
58,deaths_sudkivu,deaths,1,table_sk,NA,NA,NA
58,hz_affected_ituri,geography,26,regex_hz_ituri,NA,NA,NA
58,hz_affected_nordkivu,geography,11,regex_hz_nordkivu,NA,NA,NA
58,hz_affected_sudkivu,geography,1,regex_hz_sudkivu,NA,NA,NA
58,new_confirmed_cases,cases,53,narr_nouveaux,NA,NA,NA
58,recovered,cases,702,box_value_row,NA,NA,NA
59,cases_nordkivu,cases,177,table_nk,NA,NA,NA
59,cases_sudkivu,cases,3,table_sk,NA,NA,NA
59,contacts_followed_up,contacts,226,regex_contacts_followup,NA,NA,NA
59,cumulative_confirmed_cases,cases,1963,box_h_cases,NA,NA,NA
59,cumulative_deaths,deaths,718,narr_dont_deces,NA,NA,NA
59,deaths_community,deaths,112,regex_deaths_community,NA,NA,NA
59,deaths_nordkivu,deaths,100,table_nk,NA,NA,NA
59,deaths_sudkivu,deaths,1,table_sk,NA,NA,NA
59,hz_affected_ituri,geography,26,regex_hz_ituri,NA,NA,NA
59,hz_affected_nordkivu,geography,11,regex_hz_nordkivu,NA,NA,NA
59,new_confirmed_cases,cases,31,narr_nouveaux,NA,NA,NA
60,cases_nordkivu,cases,182,table_nk,NA,NA,NA
60,cases_sudkivu,cases,3,table_sk,NA,NA,NA
60,contacts_followed_up,contacts,68,regex_contacts_followup,NA,NA,NA
60,cumulative_confirmed_cases,cases,2011,box_h_cases,NA,NA,NA
60,deaths_community,deaths,5,regex_deaths_community,NA,NA,NA
60,deaths_nordkivu,deaths,106,table_nk,NA,NA,NA
60,deaths_sudkivu,deaths,1,table_sk,NA,NA,NA
60,hz_affected_ituri,geography,26,regex_hz_ituri,NA,NA,NA
60,hz_affected_nordkivu,geography,11,regex_hz_nordkivu,NA,NA,NA
60,hz_affected_sudkivu,geography,1,regex_hz_sudkivu,NA,NA,NA
60,new_confirmed_cases,cases,42,narr_nouveaux,NA,NA,NA
60,cumulative_deaths,NA,754,fix_national_cumul,observed,pdf_fix,1
60,case_fatality_ratio,NA,37.5,fix_national_cumul,observed,pdf_fix,1
