sitrep_no,pdf_url,date_raw,link_text,year_in_url,source_page,epidemic,scraped_at,downloaded,extracted,analysed,local_pdf,first_seen,last_updated,post_url,post_text
145,https://insp.cd/wp-content/uploads/2026/10/SitRep_MVEBDB_145_06_10_2026.pdf,,SitRep N145 MVB NA,2026,https://insp.cd/sitrep-n145-mve-bdbv-06-10-2026/,MVE17-Bundibugyo-2026,2026-10-10 02:23:21.879213,TRUE,TRUE,TRUE,/home/runner/work/PREIS_Ebola_DRC_Sitrep/PREIS_Ebola_DRC_Sitrep/data/pdf/SitRep_145_2026.pdf,2026-10-10 02:23:22.094656,2026-10-10 02:23:35.127969,https://insp.cd/sitrep-n145-mve-bdbv-06-10-2026/,
144,https://insp.cd/wp-content/uploads/2026/10/SitRep_MVEBDB_144_05_10_2026-2.pdf,,SitRep N144 MVB NA,2026,https://insp.cd/sitrep-n144-mve-bdbv-05-10-2026/,MVE17-Bundibugyo-2026,2026-10-10 02:23:21.879213,TRUE,TRUE,TRUE,/home/runner/work/PREIS_Ebola_DRC_Sitrep/PREIS_Ebola_DRC_Sitrep/data/pdf/SitRep_144_2026.pdf,2026-10-10 02:23:22.094656,2026-10-10 02:23:48.480757,https://insp.cd/sitrep-n144-mve-bdbv-05-10-2026/,
143,https://insp.cd/wp-content/uploads/2026/10/SitRep_MVEBDB_143_04_10_2026.pdf,,SitRep N143 MVB NA,2026,https://insp.cd/sitrep-n143-mve-bdbv-04-10-2026/,MVE17-Bundibugyo-2026,2026-10-10 02:23:21.879213,TRUE,TRUE,TRUE,/home/runner/work/PREIS_Ebola_DRC_Sitrep/PREIS_Ebola_DRC_Sitrep/data/pdf/SitRep_143_2026.pdf,2026-10-10 02:23:22.094656,2026-10-10 02:24:01.147446,https://insp.cd/sitrep-n143-mve-bdbv-04-10-2026/,
141,https://insp.cd/wp-content/uploads/2026/10/SitRep_MVEBDB_141_02_10_2026.pdf,,SitRep N141 MVB NA,2026,https://insp.cd/sitrep-n141-mve-bdbv-01-10-2026/,MVE17-Bundibugyo-2026,2026-10-10 02:23:21.879213,TRUE,TRUE,TRUE,/home/runner/work/PREIS_Ebola_DRC_Sitrep/PREIS_Ebola_DRC_Sitrep/data/pdf/SitRep_141_2026.pdf,2026-10-10 02:23:22.094656,2026-10-10 02:24:13.715633,https://insp.cd/sitrep-n141-mve-bdbv-01-10-2026/,
140,https://insp.cd/wp-content/uploads/2026/10/SitRep_MVEBDB_140_01_10_2026.pdf,,SitRep N140 MVB NA,2026,https://insp.cd/sitrep-n140-mve-bdbv-01-10-2026/,MVE17-Bundibugyo-2026,2026-10-10 02:23:21.879213,TRUE,TRUE,TRUE,/home/runner/work/PREIS_Ebola_DRC_Sitrep/PREIS_Ebola_DRC_Sitrep/data/pdf/SitRep_140_2026.pdf,2026-10-10 02:23:22.094656,2026-10-10 02:24:25.021959,https://insp.cd/sitrep-n140-mve-bdbv-01-10-2026/,
139,https://insp.cd/wp-content/uploads/2026/10/SitRep_MVEBDB_139_30_09_2026.pdf,,SitRep N139 MVB NA,2026,https://insp.cd/sitrep-n139-mve-bdbv-30-09-2026/,MVE17-Bundibugyo-2026,2026-10-10 02:23:21.879213,TRUE,TRUE,TRUE,/home/runner/work/PREIS_Ebola_DRC_Sitrep/PREIS_Ebola_DRC_Sitrep/data/pdf/SitRep_139_2026.pdf,2026-10-10 02:23:22.094656,2026-10-10 02:24:37.359534,https://insp.cd/sitrep-n139-mve-bdbv-30-09-2026/,
138,https://insp.cd/wp-content/uploads/2026/10/SitRep_MVEBDB_138_29_09_2026.pdf,,SitRep N138 MVB NA,2026,https://insp.cd/sitrep-n138-mve-bdbv-29-09-2026/,MVE17-Bundibugyo-2026,2026-10-10 02:23:21.879213,TRUE,TRUE,TRUE,/home/runner/work/PREIS_Ebola_DRC_Sitrep/PREIS_Ebola_DRC_Sitrep/data/pdf/SitRep_138_2026.pdf,2026-10-10 02:23:22.094656,2026-10-10 02:24:48.82739,https://insp.cd/sitrep-n138-mve-bdbv-29-09-2026/,
137,https://insp.cd/wp-content/uploads/2026/10/SitRep_MVEBDB_137_28_09_2026.pdf,,SitRep N137 MVB NA,2026,https://insp.cd/sitrep-n137-mve-bdbv-28-09-2026/,MVE17-Bundibugyo-2026,2026-10-10 02:23:21.879213,TRUE,TRUE,TRUE,/home/runner/work/PREIS_Ebola_DRC_Sitrep/PREIS_Ebola_DRC_Sitrep/data/pdf/SitRep_137_2026.pdf,2026-10-10 02:23:22.094656,2026-10-10 02:25:00.22244,https://insp.cd/sitrep-n137-mve-bdbv-28-09-2026/,
136,https://insp.cd/wp-content/uploads/2026/09/SitRep_MVEBDB_136_27_09_2026.pdf,,SitRep N136 MVB NA,2026,https://insp.cd/sitrep-n136-mve-bdbv-27-09-2026/,MVE17-Bundibugyo-2026,2026-10-10 02:23:21.879213,TRUE,TRUE,TRUE,/home/runner/work/PREIS_Ebola_DRC_Sitrep/PREIS_Ebola_DRC_Sitrep/data/pdf/SitRep_136_2026.pdf,2026-10-10 02:23:22.094656,2026-10-10 02:25:12.611751,https://insp.cd/sitrep-n136-mve-bdbv-27-09-2026/,
135,https://insp.cd/wp-content/uploads/2026/09/SitRep_MVEBDB_135_26_09_2026.pdf,,SitRep N135 MVB NA,2026,https://insp.cd/sitrep-n135-mve-bdbv-26-09-2026/,MVE17-Bundibugyo-2026,2026-10-10 02:23:21.879213,TRUE,TRUE,TRUE,/home/runner/work/PREIS_Ebola_DRC_Sitrep/PREIS_Ebola_DRC_Sitrep/data/pdf/SitRep_135_2026.pdf,2026-10-10 02:23:22.094656,2026-10-10 02:25:25.483923,https://insp.cd/sitrep-n135-mve-bdbv-26-09-2026/,
134,https://insp.cd/wp-content/uploads/2026/09/SitRep_MVEBDB_134_25_09_2026.pdf,,SitRep N134 MVB NA,2026,https://insp.cd/sitrep-n134-mve-bdbv-25-09-2026/,MVE17-Bundibugyo-2026,2026-10-10 02:23:21.879213,TRUE,TRUE,TRUE,/home/runner/work/PREIS_Ebola_DRC_Sitrep/PREIS_Ebola_DRC_Sitrep/data/pdf/SitRep_134_2026.pdf,2026-10-10 02:23:22.094656,2026-10-10 02:25:37.350049,https://insp.cd/sitrep-n134-mve-bdbv-25-09-2026/,
133,https://insp.cd/wp-content/uploads/2026/09/SitRep_MVEBDB_133_24_09_2026.pdf,,SitRep N133 MVB NA,2026,https://insp.cd/sitrep-n133-mve-bdbv-24-09-2026/,MVE17-Bundibugyo-2026,2026-10-10 02:23:21.879213,TRUE,TRUE,TRUE,/home/runner/work/PREIS_Ebola_DRC_Sitrep/PREIS_Ebola_DRC_Sitrep/data/pdf/SitRep_133_2026.pdf,2026-10-10 02:23:22.094656,2026-10-10 02:25:50.385229,https://insp.cd/sitrep-n133-mve-bdbv-24-09-2026/,
132,https://insp.cd/wp-content/uploads/2026/09/SitRep_MVEBDB_132_23_09_2026.pdf,,SitRep N132 MVB NA,2026,https://insp.cd/sitrep-n132-mve-bdbv-23-09-2026/,MVE17-Bundibugyo-2026,2026-10-10 02:23:21.879213,TRUE,TRUE,TRUE,/home/runner/work/PREIS_Ebola_DRC_Sitrep/PREIS_Ebola_DRC_Sitrep/data/pdf/SitRep_132_2026.pdf,2026-10-10 02:23:22.094656,2026-10-10 02:26:03.72976,https://insp.cd/sitrep-n132-mve-bdbv-23-09-2026/,
131,https://insp.cd/wp-content/uploads/2026/09/SitRep_MVEBDB_131_22_09_2026-1.pdf,,SitRep N131 MVB NA,2026,https://insp.cd/sitrep-n131-mve-bdbv-22-09-2026-2/,MVE17-Bundibugyo-2026,2026-10-10 02:23:21.879213,TRUE,TRUE,TRUE,/home/runner/work/PREIS_Ebola_DRC_Sitrep/PREIS_Ebola_DRC_Sitrep/data/pdf/SitRep_131_2026.pdf,2026-10-10 02:23:22.094656,2026-10-10 02:26:17.130728,https://insp.cd/sitrep-n131-mve-bdbv-22-09-2026-2/,
130,https://insp.cd/wp-content/uploads/2026/09/SitRep_MVEBDB_130_21_09_2026.pdf,,SitRep N130 MVB NA,2026,https://insp.cd/sitrep-n130-mve-bdbv-21-09-2026/,MVE17-Bundibugyo-2026,2026-10-10 02:23:21.879213,TRUE,TRUE,TRUE,/home/runner/work/PREIS_Ebola_DRC_Sitrep/PREIS_Ebola_DRC_Sitrep/data/pdf/SitRep_130_2026.pdf,2026-10-10 02:23:22.094656,2026-10-10 02:26:29.430151,https://insp.cd/sitrep-n130-mve-bdbv-21-09-2026/,
129,https://insp.cd/wp-content/uploads/2026/09/SitRep_MVEBDB_129_20_09_2026.pdf,,SitRep N129 MVB NA,2026,https://insp.cd/sitrep-n129-mve-bdbv-20-09-2026/,MVE17-Bundibugyo-2026,2026-10-10 02:23:21.879213,TRUE,TRUE,TRUE,/home/runner/work/PREIS_Ebola_DRC_Sitrep/PREIS_Ebola_DRC_Sitrep/data/pdf/SitRep_129_2026.pdf,2026-10-10 02:23:22.094656,2026-10-10 02:26:41.807509,https://insp.cd/sitrep-n129-mve-bdbv-20-09-2026/,
128,https://insp.cd/wp-content/uploads/2026/09/SitRep_MVEBDB_128_19_09_2026.pdf,,SitRep N128 MVB NA,2026,https://insp.cd/sitrep-n128-mvebdb-19-09-2026/,MVE17-Bundibugyo-2026,2026-10-10 02:23:21.879213,TRUE,TRUE,TRUE,/home/runner/work/PREIS_Ebola_DRC_Sitrep/PREIS_Ebola_DRC_Sitrep/data/pdf/SitRep_128_2026.pdf,2026-10-10 02:23:22.094656,2026-10-10 02:26:54.479267,https://insp.cd/sitrep-n128-mvebdb-19-09-2026/,
127,https://insp.cd/wp-content/uploads/2026/09/SitRep_MVEBDB_127_18_09_2026.pdf,,SitRep N127 MVB NA,2026,https://insp.cd/sitrep-n127-mvebdb-18-09-2026/,MVE17-Bundibugyo-2026,2026-10-10 02:23:21.879213,TRUE,TRUE,TRUE,/home/runner/work/PREIS_Ebola_DRC_Sitrep/PREIS_Ebola_DRC_Sitrep/data/pdf/SitRep_127_2026.pdf,2026-10-10 02:23:22.094656,2026-10-10 02:27:09.255732,https://insp.cd/sitrep-n127-mvebdb-18-09-2026/,
126,https://insp.cd/wp-content/uploads/2026/09/SitRep_MVEBDB_126_17_09_2026.pdf,,SitRep N126 MVB NA,2026,https://insp.cd/sitrep-n126-mvebdb-17-09-2026/,MVE17-Bundibugyo-2026,2026-10-10 02:23:21.879213,TRUE,TRUE,TRUE,/home/runner/work/PREIS_Ebola_DRC_Sitrep/PREIS_Ebola_DRC_Sitrep/data/pdf/SitRep_126_2026.pdf,2026-10-10 02:23:22.094656,2026-10-10 02:27:23.824312,https://insp.cd/sitrep-n126-mvebdb-17-09-2026/,
125,https://insp.cd/wp-content/uploads/2026/09/SitRep_MVEBDB_125_16_09_2026.pdf,,SitRep N125 MVB NA,2026,https://insp.cd/sitrep-n125-mvebdb-16-09-2026/,MVE17-Bundibugyo-2026,2026-10-10 02:23:21.879213,TRUE,TRUE,TRUE,/home/runner/work/PREIS_Ebola_DRC_Sitrep/PREIS_Ebola_DRC_Sitrep/data/pdf/SitRep_125_2026.pdf,2026-10-10 02:23:22.094656,2026-10-10 02:27:38.291773,https://insp.cd/sitrep-n125-mvebdb-16-09-2026/,
124,https://insp.cd/wp-content/uploads/2026/09/SitRep_MVEBDB_124_15_09_2026.pdf,,SitRep N124 MVB NA,2026,https://insp.cd/sitrep-n124-mvebdb-15-09-2026/,MVE17-Bundibugyo-2026,2026-10-10 02:23:21.879213,TRUE,TRUE,TRUE,/home/runner/work/PREIS_Ebola_DRC_Sitrep/PREIS_Ebola_DRC_Sitrep/data/pdf/SitRep_124_2026.pdf,2026-10-10 02:23:22.094656,2026-10-10 02:27:53.882826,https://insp.cd/sitrep-n124-mvebdb-15-09-2026/,
123,https://insp.cd/wp-content/uploads/2026/09/SitRep_MVEBDB_123_14_09_2026.pdf,,SitRep N123 MVB NA,2026,https://insp.cd/sitrep-n123-mvebdb-14-09-2026/,MVE17-Bundibugyo-2026,2026-10-10 02:23:21.879213,TRUE,TRUE,TRUE,/home/runner/work/PREIS_Ebola_DRC_Sitrep/PREIS_Ebola_DRC_Sitrep/data/pdf/SitRep_123_2026.pdf,2026-10-10 02:23:22.094656,2026-10-10 02:28:08.373583,https://insp.cd/sitrep-n123-mvebdb-14-09-2026/,
122,https://insp.cd/wp-content/uploads/2026/09/SitRep_MVEBDB_122_13_09_2026.pdf,,SitRep N122 MVB NA,2026,https://insp.cd/sitrep-n122-mvebdb-13-09-2026/,MVE17-Bundibugyo-2026,2026-10-10 02:23:21.879213,TRUE,TRUE,TRUE,/home/runner/work/PREIS_Ebola_DRC_Sitrep/PREIS_Ebola_DRC_Sitrep/data/pdf/SitRep_122_2026.pdf,2026-10-10 02:23:22.094656,2026-10-10 02:28:22.579457,https://insp.cd/sitrep-n122-mvebdb-13-09-2026/,
121,https://insp.cd/wp-content/uploads/2026/09/SitRep_MVEBDB_121_12_09_2026.pdf,,SitRep N121 MVB NA,2026,https://insp.cd/sitrep-n121-mvebdb-12-09-2026/,MVE17-Bundibugyo-2026,2026-10-10 02:23:21.879213,TRUE,TRUE,TRUE,/home/runner/work/PREIS_Ebola_DRC_Sitrep/PREIS_Ebola_DRC_Sitrep/data/pdf/SitRep_121_2026.pdf,2026-10-10 02:23:22.094656,2026-10-10 02:28:36.41999,https://insp.cd/sitrep-n121-mvebdb-12-09-2026/,
120,https://insp.cd/wp-content/uploads/2026/09/SitRep_MVEBDB_120_11_09_2026.pdf,,SitRep N120 MVB NA,2026,https://insp.cd/sitrep-n120-mvebdb-11-09-2026/,MVE17-Bundibugyo-2026,2026-10-10 02:23:21.879213,TRUE,TRUE,TRUE,/home/runner/work/PREIS_Ebola_DRC_Sitrep/PREIS_Ebola_DRC_Sitrep/data/pdf/SitRep_120_2026.pdf,2026-10-10 02:23:22.094656,2026-10-10 02:28:50.507429,https://insp.cd/sitrep-n120-mvebdb-11-09-2026/,
119,https://insp.cd/wp-content/uploads/2026/09/SitRep_MVEBDB_119_10_09_2026-1.pdf,,SitRep N119 MVB NA,2026,https://insp.cd/sitrep-n119-mvebdb-10-09-2026/,MVE17-Bundibugyo-2026,2026-10-10 02:23:21.879213,TRUE,TRUE,TRUE,/home/runner/work/PREIS_Ebola_DRC_Sitrep/PREIS_Ebola_DRC_Sitrep/data/pdf/SitRep_119_2026.pdf,2026-10-10 02:23:22.094656,2026-10-10 02:29:04.577258,https://insp.cd/sitrep-n119-mvebdb-10-09-2026/,
118,https://insp.cd/wp-content/uploads/2026/09/SitRep_MVEBDB_118_09_09_2026.pdf,,SitRep N118 MVB NA,2026,https://insp.cd/sitrep-n118-mvebdb-10-09-2026/,MVE17-Bundibugyo-2026,2026-10-10 02:23:21.879213,TRUE,TRUE,TRUE,/home/runner/work/PREIS_Ebola_DRC_Sitrep/PREIS_Ebola_DRC_Sitrep/data/pdf/SitRep_118_2026.pdf,2026-10-10 02:23:22.094656,2026-10-10 02:29:18.344006,https://insp.cd/sitrep-n118-mvebdb-10-09-2026/,
117,https://insp.cd/wp-content/uploads/2026/09/SitRep_MVEBDB_117_08_09_2026.pdf,,SitRep N117 MVB NA,2026,https://insp.cd/sitrep-n117-mvebdb-08-09-2026/,MVE17-Bundibugyo-2026,2026-10-10 02:23:21.879213,TRUE,TRUE,TRUE,/home/runner/work/PREIS_Ebola_DRC_Sitrep/PREIS_Ebola_DRC_Sitrep/data/pdf/SitRep_117_2026.pdf,2026-10-10 02:23:22.094656,2026-10-10 02:29:31.911911,https://insp.cd/sitrep-n117-mvebdb-08-09-2026/,
116,https://insp.cd/wp-content/uploads/2026/09/SitRep_MVEBDB_116_07_09_2026.pdf,,SitRep N116 MVB NA,2026,https://insp.cd/sitrep-n116-mvebdb-08-09-2026/,MVE17-Bundibugyo-2026,2026-10-10 02:23:21.879213,TRUE,TRUE,TRUE,/home/runner/work/PREIS_Ebola_DRC_Sitrep/PREIS_Ebola_DRC_Sitrep/data/pdf/SitRep_116_2026.pdf,2026-10-10 02:23:22.094656,2026-10-10 02:29:45.702466,https://insp.cd/sitrep-n116-mvebdb-08-09-2026/,
114,https://insp.cd/wp-content/uploads/2026/09/SitRep_MVEBDB_114_05_09_2026.pdf,,SitRep N114 MVB NA,2026,https://insp.cd/sitrep-n114-mvebdb-06-09-2026/,MVE17-Bundibugyo-2026,2026-10-10 02:23:21.879213,TRUE,TRUE,TRUE,/home/runner/work/PREIS_Ebola_DRC_Sitrep/PREIS_Ebola_DRC_Sitrep/data/pdf/SitRep_114_2026.pdf,2026-10-10 02:23:22.094656,2026-10-10 02:29:58.290924,https://insp.cd/sitrep-n114-mvebdb-06-09-2026/,
113,https://insp.cd/wp-content/uploads/2026/09/SitRep_MVEBDB_113_04_09_2026.pdf,,SitRep N113 MVB NA,2026,https://insp.cd/sitrep-n113-mvebdb-04-09-2026/,MVE17-Bundibugyo-2026,2026-10-10 02:23:21.879213,TRUE,TRUE,TRUE,/home/runner/work/PREIS_Ebola_DRC_Sitrep/PREIS_Ebola_DRC_Sitrep/data/pdf/SitRep_113_2026.pdf,2026-10-10 02:23:22.094656,2026-10-10 02:30:10.562007,https://insp.cd/sitrep-n113-mvebdb-04-09-2026/,
112,https://insp.cd/wp-content/uploads/2026/09/SitRep_MVEBDB_112_03_09_2026-1.pdf,,SitRep N112 MVB NA,2026,https://insp.cd/sitrep-n112-mvebdb-03-09-2026/,MVE17-Bundibugyo-2026,2026-10-10 02:23:21.879213,TRUE,TRUE,TRUE,/home/runner/work/PREIS_Ebola_DRC_Sitrep/PREIS_Ebola_DRC_Sitrep/data/pdf/SitRep_112_2026.pdf,2026-10-10 02:23:22.094656,2026-10-10 02:30:22.487157,https://insp.cd/sitrep-n112-mvebdb-03-09-2026/,
111,https://insp.cd/wp-content/uploads/2026/09/SitRep_MVEBDB_111_02_09_2026.pdf,,SitRep N111 MVB NA,2026,https://insp.cd/sitrep-n111-mvebdb-02-09-2026/,MVE17-Bundibugyo-2026,2026-10-10 02:23:21.879213,TRUE,TRUE,TRUE,/home/runner/work/PREIS_Ebola_DRC_Sitrep/PREIS_Ebola_DRC_Sitrep/data/pdf/SitRep_111_2026.pdf,2026-10-10 02:23:22.094656,2026-10-10 02:30:33.978894,https://insp.cd/sitrep-n111-mvebdb-02-09-2026/,
110,https://insp.cd/wp-content/uploads/2026/09/SitRep_MVEBDB_110_01_09_2026.pdf,,SitRep N110 MVB NA,2026,https://insp.cd/sitrep-n110-mvebdb-01-09-2026/,MVE17-Bundibugyo-2026,2026-10-10 02:23:21.879213,TRUE,TRUE,TRUE,/home/runner/work/PREIS_Ebola_DRC_Sitrep/PREIS_Ebola_DRC_Sitrep/data/pdf/SitRep_110_2026.pdf,2026-10-10 02:23:22.094656,2026-10-10 02:30:45.282448,https://insp.cd/sitrep-n110-mvebdb-01-09-2026/,
109,https://insp.cd/wp-content/uploads/2026/09/SitRep_MVEBDB_109_31_08_2026.pdf,,SitRep N109 MVB NA,2026,https://insp.cd/sitrep-n109-mvebdb-31-08-2026/,MVE17-Bundibugyo-2026,2026-10-10 02:23:21.879213,TRUE,TRUE,TRUE,/home/runner/work/PREIS_Ebola_DRC_Sitrep/PREIS_Ebola_DRC_Sitrep/data/pdf/SitRep_109_2026.pdf,2026-10-10 02:23:22.094656,2026-10-10 02:30:56.001653,https://insp.cd/sitrep-n109-mvebdb-31-08-2026/,
108,https://insp.cd/wp-content/uploads/2026/08/SitRep_MVEBDB_108_30_08_2026.pdf,,SitRep N108 MVB NA,2026,https://insp.cd/sitrep-n108-mvebdb-30-08-2026/,MVE17-Bundibugyo-2026,2026-10-10 02:23:21.879213,TRUE,TRUE,TRUE,/home/runner/work/PREIS_Ebola_DRC_Sitrep/PREIS_Ebola_DRC_Sitrep/data/pdf/SitRep_108_2026.pdf,2026-10-10 02:23:22.094656,2026-10-10 02:31:07.062117,https://insp.cd/sitrep-n108-mvebdb-30-08-2026/,
107,https://insp.cd/wp-content/uploads/2026/08/SitRep_MVEBDB_107_29_08_2026.pdf,,SitRep N107 MVB NA,2026,https://insp.cd/sitrep-n107-mvebdb-29-08-2026/,MVE17-Bundibugyo-2026,2026-10-10 02:23:21.879213,TRUE,TRUE,TRUE,/home/runner/work/PREIS_Ebola_DRC_Sitrep/PREIS_Ebola_DRC_Sitrep/data/pdf/SitRep_107_2026.pdf,2026-10-10 02:23:22.094656,2026-10-10 02:31:17.853938,https://insp.cd/sitrep-n107-mvebdb-29-08-2026/,
106,https://insp.cd/wp-content/uploads/2026/08/SitRep_MVEBDB_106_28_08_2026.pdf,,SitRep N106 MVB NA,2026,https://insp.cd/sitrep-n106-mvebdb-28-08-2026/,MVE17-Bundibugyo-2026,2026-10-10 02:23:21.879213,TRUE,TRUE,TRUE,/home/runner/work/PREIS_Ebola_DRC_Sitrep/PREIS_Ebola_DRC_Sitrep/data/pdf/SitRep_106_2026.pdf,2026-10-10 02:23:22.094656,2026-10-10 02:31:28.676012,https://insp.cd/sitrep-n106-mvebdb-28-08-2026/,
105,https://insp.cd/wp-content/uploads/2026/08/SitRep_MVEBDB_105_27_08_2026.pdf,,SitRep N105 MVB NA,2026,https://insp.cd/sitrep-n105-mvebdb-27-08-2026/,MVE17-Bundibugyo-2026,2026-10-10 02:23:21.879213,TRUE,TRUE,TRUE,/home/runner/work/PREIS_Ebola_DRC_Sitrep/PREIS_Ebola_DRC_Sitrep/data/pdf/SitRep_105_2026.pdf,2026-10-10 02:23:22.094656,2026-10-10 02:31:41.903225,https://insp.cd/sitrep-n105-mvebdb-27-08-2026/,
104,https://insp.cd/wp-content/uploads/2026/08/SitRep_MVEBDB_104_26_08_2026.pdf,,SitRep N104 MVB NA,2026,https://insp.cd/sitrep-n104-mvebdb-26-08-2026/,MVE17-Bundibugyo-2026,2026-10-10 02:23:21.879213,TRUE,TRUE,TRUE,/home/runner/work/PREIS_Ebola_DRC_Sitrep/PREIS_Ebola_DRC_Sitrep/data/pdf/SitRep_104_2026.pdf,2026-10-10 02:23:22.094656,2026-10-10 02:31:53.346734,https://insp.cd/sitrep-n104-mvebdb-26-08-2026/,
103,https://insp.cd/wp-content/uploads/2026/08/SitRep_MVEBDB_103_25_08_2026.pdf,,SitRep N103 MVB NA,2026,https://insp.cd/sitrep-n103-mvebdb-25-08-2026/,MVE17-Bundibugyo-2026,2026-10-10 02:23:21.879213,TRUE,TRUE,TRUE,/home/runner/work/PREIS_Ebola_DRC_Sitrep/PREIS_Ebola_DRC_Sitrep/data/pdf/SitRep_103_2026.pdf,2026-10-10 02:23:22.094656,2026-10-10 02:32:04.481141,https://insp.cd/sitrep-n103-mvebdb-25-08-2026/,
102,https://insp.cd/wp-content/uploads/2026/08/SitRep_MVEBDB_102_24_08_2026.pdf,,SitRep N102 MVB NA,2026,https://insp.cd/sitrep-n102-mvebdb-24-08-2026/,MVE17-Bundibugyo-2026,2026-10-10 02:23:21.879213,TRUE,TRUE,TRUE,/home/runner/work/PREIS_Ebola_DRC_Sitrep/PREIS_Ebola_DRC_Sitrep/data/pdf/SitRep_102_2026.pdf,2026-10-10 02:23:22.094656,2026-10-10 02:32:15.95439,https://insp.cd/sitrep-n102-mvebdb-24-08-2026/,
101,https://insp.cd/wp-content/uploads/2026/08/SitRep_MVEBDB_101_23_08_2026.pdf,,SitRep N101 MVB NA,2026,https://insp.cd/sitrep-n101-mvebdb-23-08-2026/,MVE17-Bundibugyo-2026,2026-10-10 02:23:21.879213,TRUE,TRUE,TRUE,/home/runner/work/PREIS_Ebola_DRC_Sitrep/PREIS_Ebola_DRC_Sitrep/data/pdf/SitRep_101_2026.pdf,2026-10-10 02:23:22.094656,2026-10-10 02:32:28.084552,https://insp.cd/sitrep-n101-mvebdb-23-08-2026/,
100,https://insp.cd/wp-content/uploads/2026/08/100.pdf,,SitRep N100 MVB NA,2026,https://insp.cd/sitrep-n0100-mvebdb-22-08-2026/,MVE17-Bundibugyo-2026,2026-10-10 02:23:21.879213,TRUE,TRUE,TRUE,/home/runner/work/PREIS_Ebola_DRC_Sitrep/PREIS_Ebola_DRC_Sitrep/data/pdf/SitRep_100_2026.pdf,2026-10-10 02:23:22.094656,2026-10-10 02:32:39.925643,https://insp.cd/sitrep-n0100-mvebdb-22-08-2026/,
99,https://insp.cd/wp-content/uploads/2026/08/99.pdf,,SitRep N99 MVB NA,2026,https://insp.cd/sitrep-n099-mvebdb-21-08-2026/,MVE17-Bundibugyo-2026,2026-10-10 02:23:21.879213,TRUE,TRUE,TRUE,/home/runner/work/PREIS_Ebola_DRC_Sitrep/PREIS_Ebola_DRC_Sitrep/data/pdf/SitRep_99_2026.pdf,2026-10-10 02:23:22.094656,2026-10-10 02:32:52.028684,https://insp.cd/sitrep-n099-mvebdb-21-08-2026/,
98,https://insp.cd/wp-content/uploads/2026/08/SitRep_MVEBDB_098_20_08_2026_VF_98.pdf,,SitRep N98 MVB NA,2026,https://insp.cd/sitrep-n098-mvebdb-20-08-2026/,MVE17-Bundibugyo-2026,2026-10-10 02:23:21.879213,TRUE,TRUE,TRUE,/home/runner/work/PREIS_Ebola_DRC_Sitrep/PREIS_Ebola_DRC_Sitrep/data/pdf/SitRep_98_2026.pdf,2026-10-10 02:23:22.094656,2026-10-10 02:33:03.33443,https://insp.cd/sitrep-n098-mvebdb-20-08-2026/,
97,https://insp.cd/wp-content/uploads/2026/08/97-1.pdf,,SitRep N97 MVB NA,2026,https://insp.cd/sitrep-n097-mvebdb-19-08-2026/,MVE17-Bundibugyo-2026,2026-10-10 02:23:21.879213,TRUE,TRUE,TRUE,/home/runner/work/PREIS_Ebola_DRC_Sitrep/PREIS_Ebola_DRC_Sitrep/data/pdf/SitRep_97_2026.pdf,2026-10-10 02:23:22.094656,2026-10-10 02:33:14.892705,https://insp.cd/sitrep-n097-mvebdb-19-08-2026/,
96,https://insp.cd/wp-content/uploads/2026/08/96.pdf,,SitRep N96 MVB NA,2026,https://insp.cd/sitrep-n096-mvebdb-18-08-2026/,MVE17-Bundibugyo-2026,2026-10-10 02:23:21.879213,TRUE,TRUE,TRUE,/home/runner/work/PREIS_Ebola_DRC_Sitrep/PREIS_Ebola_DRC_Sitrep/data/pdf/SitRep_96_2026.pdf,2026-10-10 02:23:22.094656,2026-10-10 02:33:26.261221,https://insp.cd/sitrep-n096-mvebdb-18-08-2026/,
95,https://insp.cd/wp-content/uploads/2026/08/95.pdf,,SitRep N95 MVB NA,2026,https://insp.cd/sitrep-n095-mvebdb-17-08-2026/,MVE17-Bundibugyo-2026,2026-10-10 02:23:21.879213,TRUE,TRUE,TRUE,/home/runner/work/PREIS_Ebola_DRC_Sitrep/PREIS_Ebola_DRC_Sitrep/data/pdf/SitRep_95_2026.pdf,2026-10-10 02:23:22.094656,2026-10-10 02:33:36.904449,https://insp.cd/sitrep-n095-mvebdb-17-08-2026/,
94,https://insp.cd/wp-content/uploads/2026/08/94.pdf,,SitRep N94 MVB NA,2026,https://insp.cd/sitrep-n094-mvebdb-16-08-2026/,MVE17-Bundibugyo-2026,2026-10-10 02:23:21.879213,TRUE,TRUE,TRUE,/home/runner/work/PREIS_Ebola_DRC_Sitrep/PREIS_Ebola_DRC_Sitrep/data/pdf/SitRep_94_2026.pdf,2026-10-10 02:23:22.094656,2026-10-10 02:33:47.838122,https://insp.cd/sitrep-n094-mvebdb-16-08-2026/,
93,https://insp.cd/wp-content/uploads/2026/08/SitRep_MVEBDB_093_15_08_2026.pdf,,SitRep N93 MVB NA,2026,https://insp.cd/sitrep-n093-mvebdb-15-08-2026/,MVE17-Bundibugyo-2026,2026-10-10 02:23:21.879213,TRUE,TRUE,TRUE,/home/runner/work/PREIS_Ebola_DRC_Sitrep/PREIS_Ebola_DRC_Sitrep/data/pdf/SitRep_93_2026.pdf,2026-10-10 02:23:22.094656,2026-10-10 02:33:59.686937,https://insp.cd/sitrep-n093-mvebdb-15-08-2026/,
92,https://insp.cd/wp-content/uploads/2026/08/SitRep_MVEBDB_092_14_08_2026.pdf,,SitRep N92 MVB NA,2026,https://insp.cd/sitrep-n092-mvebdb-14-08-2026/,MVE17-Bundibugyo-2026,2026-10-10 02:23:21.879213,TRUE,TRUE,TRUE,/home/runner/work/PREIS_Ebola_DRC_Sitrep/PREIS_Ebola_DRC_Sitrep/data/pdf/SitRep_92_2026.pdf,2026-10-10 02:23:22.094656,2026-10-10 02:34:10.571377,https://insp.cd/sitrep-n092-mvebdb-14-08-2026/,
91,https://insp.cd/wp-content/uploads/2026/08/91.pdf,,SitRep N91 MVB NA,2026,https://insp.cd/sitrep-n091-mvebdb-13-08-2026/,MVE17-Bundibugyo-2026,2026-10-10 02:23:21.879213,TRUE,TRUE,TRUE,/home/runner/work/PREIS_Ebola_DRC_Sitrep/PREIS_Ebola_DRC_Sitrep/data/pdf/SitRep_91_2026.pdf,2026-10-10 02:23:22.094656,2026-10-10 02:34:21.319133,https://insp.cd/sitrep-n091-mvebdb-13-08-2026/,
90,https://insp.cd/wp-content/uploads/2026/08/SITREP_MVEBDB_090_12_08_2026.pdf,,SitRep N90 MVB NA,2026,https://insp.cd/sitrep-n090-mvebdb-12-08-2026/,MVE17-Bundibugyo-2026,2026-10-10 02:23:21.879213,TRUE,TRUE,TRUE,/home/runner/work/PREIS_Ebola_DRC_Sitrep/PREIS_Ebola_DRC_Sitrep/data/pdf/SitRep_90_2026.pdf,2026-10-10 02:23:22.094656,2026-10-10 02:34:32.248797,https://insp.cd/sitrep-n090-mvebdb-12-08-2026/,
89,https://insp.cd/wp-content/uploads/2026/08/SITREP_MVEBDB_089_11_08_2026.pdf,,SitRep N89 MVB NA,2026,https://insp.cd/sitrep-n089-mvebdb-11-08-2026/,MVE17-Bundibugyo-2026,2026-10-10 02:23:21.879213,TRUE,TRUE,TRUE,/home/runner/work/PREIS_Ebola_DRC_Sitrep/PREIS_Ebola_DRC_Sitrep/data/pdf/SitRep_89_2026.pdf,2026-10-10 02:23:22.094656,2026-10-10 02:34:41.788526,https://insp.cd/sitrep-n089-mvebdb-11-08-2026/,
88,https://insp.cd/wp-content/uploads/2026/08/SITREP_MVEBDB_088_10_08_2026_11.pdf,,SitRep N88 MVB NA,2026,https://insp.cd/sitrep-n088-mvebdb-10-08-2026/,MVE17-Bundibugyo-2026,2026-10-10 02:23:21.879213,TRUE,TRUE,TRUE,/home/runner/work/PREIS_Ebola_DRC_Sitrep/PREIS_Ebola_DRC_Sitrep/data/pdf/SitRep_88_2026.pdf,2026-10-10 02:23:22.094656,2026-10-10 02:34:50.782517,https://insp.cd/sitrep-n088-mvebdb-10-08-2026/,
87,https://insp.cd/wp-content/uploads/2026/08/SITREP_MVEBDB_087_09_08_2026_VF.pdf,,SitRep N87 MVB NA,2026,https://insp.cd/sitrep-n087-mvebdb-09-08-2026/,MVE17-Bundibugyo-2026,2026-10-10 02:23:21.879213,TRUE,TRUE,TRUE,/home/runner/work/PREIS_Ebola_DRC_Sitrep/PREIS_Ebola_DRC_Sitrep/data/pdf/SitRep_87_2026.pdf,2026-10-10 02:23:22.094656,2026-10-10 02:34:58.662201,https://insp.cd/sitrep-n087-mvebdb-09-08-2026/,
86,https://insp.cd/wp-content/uploads/2026/08/SITREP_MVEBDB_086_080826.pdf,,SitRep N86 MVB NA,2026,https://insp.cd/sitrep-n086-mvebdb-08-08-2026/,MVE17-Bundibugyo-2026,2026-10-10 02:23:21.879213,TRUE,TRUE,TRUE,/home/runner/work/PREIS_Ebola_DRC_Sitrep/PREIS_Ebola_DRC_Sitrep/data/pdf/SitRep_86_2026.pdf,2026-10-10 02:23:22.094656,2026-10-10 02:35:05.445571,https://insp.cd/sitrep-n086-mvebdb-08-08-2026/,
85,https://insp.cd/wp-content/uploads/2026/08/85.pdf,,SitRep N85 MVB NA,2026,https://insp.cd/sitrep-n085-mvebdb-07-08-2026/,MVE17-Bundibugyo-2026,2026-10-10 02:23:21.879213,TRUE,TRUE,TRUE,/home/runner/work/PREIS_Ebola_DRC_Sitrep/PREIS_Ebola_DRC_Sitrep/data/pdf/SitRep_85_2026.pdf,2026-10-10 02:23:22.094656,2026-10-10 02:35:12.437083,https://insp.cd/sitrep-n085-mvebdb-07-08-2026/,
63,local://PREIS_DRC_Ebola_SitRep_063.pdf,16-07-2026,GitHub INRB,2026,,MVB_2026_Ituri,2026-07-19 17:16:18.041022,TRUE,TRUE,TRUE,D:/PREIS_Ebola_DRC_Sitrep_FV_12.06.26/data/pdf/PREIS_DRC_Ebola_SitRep_063.pdf,2026-07-19 17:16:18.039284,2026-07-19 17:16:19.387635,,
60,https://insp.cd/wp-content/uploads/2026/07/Draft_SitRep_MVE_RDC_N°60_13-07-2026_Analytique_VF.pdf,13-07-2026,SitRep N60 MVB 13-07-2026,2026,https://insp.cd/sitrep-n060-mvb-13-07-2026/,MVB_2026_Ituri,2026-07-16T04:19:23Z,TRUE,TRUE,TRUE,D:/PREIS_Ebola_DRC_Sitrep_FV_12.06.26/data/pdf/SitRep_60_2026.pdf,2026-07-16T04:19:23Z,2026-07-16T04:19:27Z,https://insp.cd/sitrep-n060-mvb-13-07-2026/,
58,https://insp.cd/wp-content/uploads/2026/07/Draft_SitRep_MVE_RDC_N°58_11-07-2026-final.pdf,11-07-2026,SitRep N58 MVB 11-07-2026,2026,https://insp.cd/sitrep-n058-mvb_11-07-2026/,MVB_2026_Ituri,2026-07-16T04:19:23Z,TRUE,TRUE,TRUE,D:/PREIS_Ebola_DRC_Sitrep_FV_12.06.26/data/pdf/SitRep_58_2026.pdf,2026-07-16T04:19:23Z,2026-07-16T04:19:32Z,https://insp.cd/sitrep-n058-mvb_11-07-2026/,
57,local://PREIS_DRC_Ebola_SitRep_057.pdf,10-07-2026,GitHub INRB,2026,,MVB_2026_Ituri,2026-08-01 08:48:48.203874,TRUE,TRUE,TRUE,/home/runner/work/PREIS_Ebola_DRC_Sitrep/PREIS_Ebola_DRC_Sitrep/data/pdf/PREIS_DRC_Ebola_SitRep_057.pdf,2026-08-01 08:48:48.203633,2026-08-01 08:49:48.510816,,
56,https://insp.cd/wp-content/uploads/2026/07/SitRep_MVE_RDC_N°56_09-07-2026.pdf,09-07-2026,SitRep N56 MVB 09-07-2026,2026,https://insp.cd/sitrep-n056-mvb_09-07-2026/,MVB_2026_Ituri,2026-07-16T04:19:23Z,TRUE,TRUE,TRUE,D:/PREIS_Ebola_DRC_Sitrep_FV_12.06.26/data/pdf/SitRep_56_2026.pdf,2026-07-16T04:19:23Z,2026-07-16T04:19:39Z,https://insp.cd/sitrep-n056-mvb_09-07-2026/,
55,https://insp.cd/wp-content/uploads/2026/07/Draft_SitRep_MVE_RDC_N°055_08_07_2026.pdf,08-07-2026,SitRep N55 MVB 08-07-2026,2026,https://insp.cd/sitrep-n055-mvb_08-07-2026/,MVB_2026_Ituri,2026-07-16T04:19:23Z,TRUE,TRUE,TRUE,D:/PREIS_Ebola_DRC_Sitrep_FV_12.06.26/data/pdf/PREIS_DRC_Ebola_SitRep_055.pdf,2026-07-16T04:19:23Z,2026-07-19T16:03:22Z,https://insp.cd/sitrep-n055-mvb_08-07-2026/,
54,https://insp.cd/wp-content/uploads/2026/07/Draft2_SitRep_MVE_RDC_N°054_07_07_2026.pdf,07-07-2026,SitRep N54 MVB 07-07-2026,2026,https://insp.cd/sitrep-n054-mvb_07-07-2026/,MVB_2026_Ituri,2026-07-16T04:19:23Z,TRUE,TRUE,TRUE,D:/PREIS_Ebola_DRC_Sitrep_FV_12.06.26/data/pdf/PREIS_DRC_Ebola_SitRep_054.pdf,2026-07-16T04:19:23Z,2026-07-19T16:03:26Z,https://insp.cd/sitrep-n054-mvb_07-07-2026/,
53,https://insp.cd/wp-content/uploads/2026/07/Draft_SitRep_MVE_RDC_N°053_06_07_2026_NEW.pdf,06-07-2026,SitRep N53 MVB 06-07-2026,2026,https://insp.cd/sitrep-n053-mvb_06-07-2026/,MVB_2026_Ituri,2026-07-16T04:19:23Z,TRUE,TRUE,TRUE,D:/PREIS_Ebola_DRC_Sitrep_FV_12.06.26/data/pdf/PREIS_DRC_Ebola_SitRep_053.pdf,2026-07-16T04:19:23Z,2026-07-19T16:03:30Z,https://insp.cd/sitrep-n053-mvb_06-07-2026/,
52,https://insp.cd/wp-content/uploads/2026/07/Draft_SitRep_MVE_RDC_N°052_05_07_2026_CORRIGE-1.pdf,05-07-2026,SitRep N52 MVB 05-07-2026,2026,https://insp.cd/sitrep-n052-mvb_05-07-2026/,MVB_2026_Ituri,2026-07-16T04:19:23Z,TRUE,TRUE,TRUE,D:/PREIS_Ebola_DRC_Sitrep_FV_12.06.26/data/pdf/PREIS_DRC_Ebola_SitRep_052.pdf,2026-07-16T04:19:23Z,2026-07-19 17:16:22.63742,https://insp.cd/sitrep-n052-mvb_05-07-2026/,
51,https://insp.cd/wp-content/uploads/2026/07/SitRep_MVE_RDC_N°051_04_07_2026.pdf,04-07-2026,SitRep N51 MVB 04-07-2026,2026,https://insp.cd/sitrep-n051-mvb_04-07-2026/,MVB_2026_Ituri,2026-07-16T04:19:23Z,TRUE,TRUE,TRUE,D:/PREIS_Ebola_DRC_Sitrep_FV_12.06.26/data/pdf/PREIS_DRC_Ebola_SitRep_051.pdf,2026-07-16T04:19:23Z,2026-07-19 17:16:23.551221,https://insp.cd/sitrep-n051-mvb_04-07-2026/,
50,https://insp.cd/wp-content/uploads/2026/07/Draft_SitRep_MVE_RDC_N°050_04_07_2026.pdf,02-07-2026,SitRep N50 MVB 02-07-2026,2026,https://insp.cd/sitrep-n050-mvb_02-07-2026/,MVB_2026_Ituri,2026-07-16T04:19:23Z,TRUE,TRUE,TRUE,D:/PREIS_Ebola_DRC_Sitrep_FV_12.06.26/data/pdf/PREIS_DRC_Ebola_SitRep_050.pdf,2026-07-16T04:19:23Z,2026-07-19 18:06:51.922048,https://insp.cd/sitrep-n050-mvb_02-07-2026/,
49,https://insp.cd/wp-content/uploads/2026/07/SitRep_MVE_RDC_N°049_02_07_2026-3.pdf,02-07-2026,SitRep N49 MVB 02-07-2026,2026,https://insp.cd/sitrep-n049-mvb_02-07-2026/,MVB_2026_Ituri,2026-07-16T04:19:23Z,TRUE,TRUE,TRUE,D:/PREIS_Ebola_DRC_Sitrep_FV_12.06.26/data/pdf/PREIS_DRC_Ebola_SitRep_049.pdf,2026-07-16T04:19:23Z,2026-07-19 18:06:53.513722,https://insp.cd/sitrep-n049-mvb_02-07-2026/,
48,local://PREIS_DRC_Ebola_SitRep_048.pdf,,GitHub INRB,2026,,MVB_2026_Ituri,2026-08-01 08:48:48.203874,TRUE,FALSE,FALSE,/home/runner/work/PREIS_Ebola_DRC_Sitrep/PREIS_Ebola_DRC_Sitrep/data/pdf/PREIS_DRC_Ebola_SitRep_048.pdf,2026-08-01 08:48:48.203633,2026-08-01 08:48:48.203771,,
47,local://PREIS_DRC_Ebola_SitRep_047.pdf,,GitHub INRB,2026,,MVB_2026_Ituri,2026-08-01 08:48:48.203874,TRUE,FALSE,FALSE,/home/runner/work/PREIS_Ebola_DRC_Sitrep/PREIS_Ebola_DRC_Sitrep/data/pdf/PREIS_DRC_Ebola_SitRep_047.pdf,2026-08-01 08:48:48.203633,2026-08-01 08:48:48.203771,,
46,local://PREIS_DRC_Ebola_SitRep_046.pdf,,GitHub INRB,2026,,MVB_2026_Ituri,2026-08-01 08:48:48.203874,TRUE,FALSE,FALSE,/home/runner/work/PREIS_Ebola_DRC_Sitrep/PREIS_Ebola_DRC_Sitrep/data/pdf/PREIS_DRC_Ebola_SitRep_046.pdf,2026-08-01 08:48:48.203633,2026-08-01 08:48:48.203771,,
44,https://insp.cd/wp-content/uploads/2026/06/Final-SitRep_MVE_RDC_N°044_27_06_2026.pdf,27-06-2026,SitRep N44 MVB 27-06-2026,2026,https://insp.cd/sitrep-n044-mvb_27-06-2026/,MVB_2026_Ituri,2026-07-16T04:19:23Z,FALSE,FALSE,FALSE,,2026-07-16T04:19:23Z,2026-07-16T04:19:23Z,https://insp.cd/sitrep-n044-mvb_27-06-2026/,
42,https://insp.cd/wp-content/uploads/2026/06/Draft-1-SitRep_MVE_RDC_N°042_25_06_2026.pdf,25-06-2026,SitRep N42 MVB 25-06-2026,2026,https://insp.cd/sitrep-n042-mvb_25-06-2026/,MVB_2026_Ituri,2026-07-16T04:19:23Z,FALSE,FALSE,FALSE,,2026-07-16T04:19:23Z,2026-07-16T04:19:23Z,https://insp.cd/sitrep-n042-mvb_25-06-2026/,
41,https://insp.cd/wp-content/uploads/2026/06/Final-SitRep_MVE_RDC_N°041_24_06_2026-1.pdf,24-06-2026,SitRep N41 MVB 24-06-2026,2026,https://insp.cd/sitrep-n041-mvb_24-06-2026/,MVB_2026_Ituri,2026-07-16T04:19:23Z,FALSE,FALSE,FALSE,,2026-07-16T04:19:23Z,2026-07-16T04:19:23Z,https://insp.cd/sitrep-n041-mvb_24-06-2026/,
40,https://insp.cd/wp-content/uploads/2026/06/Draft-1-SitRep_MVE_RDC_N°040_23_06_2026.pdf,23-06-2026,SitRep N40 MVB 23-06-2026,2026,https://insp.cd/sitrep-n040-mvb_23-06-2026/,MVB_2026_Ituri_Bundibugyo,2026-06-25T16:15:33Z,TRUE,TRUE,TRUE,D:/PREIS_Ebola_DRC_Sitrep_FV_12.06.26/data/pdf/SitRep_40_2026.pdf,2026-06-25T16:15:33Z,2026-06-25T16:16:06Z,https://insp.cd/sitrep-n040-mvb_23-06-2026/,
39,https://insp.cd/wp-content/uploads/2026/06/Draft-1-SitRep_MVE_RDC_N039_22_06_2026_260623_211140.pdf,22-06-2026,SitRep N39 MVB 22-06-2026,2026,https://insp.cd/sitrep-n39-mvb_22-06-2026/,MVB_2026_Ituri_Bundibugyo,2026-06-25T16:15:33Z,TRUE,TRUE,TRUE,D:/PREIS_Ebola_DRC_Sitrep_FV_12.06.26/data/pdf/SitRep_39_2026.pdf,2026-06-25T16:15:33Z,2026-06-25T16:17:33Z,https://insp.cd/sitrep-n39-mvb_22-06-2026/,
38,https://insp.cd/wp-content/uploads/2026/06/SitRep_MVE_RDC_N038_21Jun2026_Final_JO2_260622_235251.pdf,21-06-2026,SitRep N38 MVB 21-06-2026,2026,https://insp.cd/sitrep-n38-mvb_21-06-2026/,MVB_2026_Ituri_Bundibugyo,2026-06-25T16:15:33Z,TRUE,TRUE,TRUE,D:/PREIS_Ebola_DRC_Sitrep_FV_12.06.26/data/pdf/SitRep_38_2026.pdf,2026-06-25T16:15:33Z,2026-06-25T16:17:53Z,https://insp.cd/sitrep-n38-mvb_21-06-2026/,
37,https://insp.cd/wp-content/uploads/2026/06/Draft-Final-SitRep_MVE_RDC_N°037_20_06_2026.pdf,20-06-2026,SitRep N37 MVB 20-06-2026,2026,https://insp.cd/sitrep-n37-mvb_20-06-2026/,MVB_2026_Ituri_Bundibugyo,2026-06-25T16:15:33Z,TRUE,TRUE,TRUE,D:/PREIS_Ebola_DRC_Sitrep_FV_12.06.26/data/pdf/SitRep_37_2026.pdf,2026-06-25T16:15:33Z,2026-06-25T16:18:08Z,https://insp.cd/sitrep-n37-mvb_20-06-2026/,
36,https://insp.cd/wp-content/uploads/2026/06/VF-SitRep_MVE_RDC_N°036_19_06_2026.pdf,19-06-2026,SitRep N36 MVB 19-06-2026,2026,https://insp.cd/sitrep-n36-mvb_19-06-2026/,MVB_2026_Ituri_Bundibugyo,2026-06-25T16:15:33Z,TRUE,TRUE,TRUE,D:/PREIS_Ebola_DRC_Sitrep_FV_12.06.26/data/pdf/SitRep_36_2026.pdf,2026-06-25T16:15:33Z,2026-06-25T16:18:46Z,https://insp.cd/sitrep-n36-mvb_19-06-2026/,
35,https://insp.cd/wp-content/uploads/2026/06/Draft-Final-SitRep_MVE_RDC_N35_18_06_2026.pdf,18-06-2026,SitRep N35 MVB 18-06-2026,2026,https://insp.cd/sitrep-n35-mvb_18-06-2026/,MVB_2026_Ituri_Bundibugyo,2026-06-25T16:15:33Z,TRUE,TRUE,TRUE,D:/PREIS_Ebola_DRC_Sitrep_FV_12.06.26/data/pdf/SitRep_35_2026.pdf,2026-06-25T16:15:33Z,2026-06-25T16:19:18Z,https://insp.cd/sitrep-n35-mvb_18-06-2026/,
34,https://insp.cd/wp-content/uploads/2026/06/Draft-1-SitRep_MVE_RDC_N34_17_06_2026_JO2-1.pdf,17-06-2026,SitRep N34 MVB 17-06-2026,2026,https://insp.cd/sitrep-n34-mvb_17-06-2026/,MVB_2026_Ituri_Bundibugyo,2026-06-25T16:15:33Z,TRUE,TRUE,TRUE,D:/PREIS_Ebola_DRC_Sitrep_FV_12.06.26/data/pdf/SitRep_34_2026.pdf,2026-06-25T16:15:33Z,2026-06-25T16:19:44Z,https://insp.cd/sitrep-n34-mvb_17-06-2026/,
33,https://insp.cd/wp-content/uploads/2026/06/SitRep_MVE_RDC_N°33_16_06_2026.pdf,16-06-2026,SitRep N33 MVB 16-06-2026,2026,https://insp.cd/sitrep-n33-mvb_16-06-2026/,MVB_2026_Ituri_Bundibugyo,2026-06-25T16:15:33Z,TRUE,TRUE,TRUE,D:/PREIS_Ebola_DRC_Sitrep_FV_12.06.26/data/pdf/SitRep_33_2026.pdf,2026-06-25T16:15:33Z,2026-06-25T16:20:48Z,https://insp.cd/sitrep-n33-mvb_16-06-2026/,
32,https://insp.cd/wp-content/uploads/2026/06/Final_SitRep_MVE_RDC_N°32_15_06_2026-1.pdf,15-06-2026,SitRep N32 MVB 15-06-2026,2026,https://insp.cd/sitrep-n32-mvb_15-06-2026/,MVB_2026_Ituri_Bundibugyo,2026-06-25T16:15:33Z,TRUE,TRUE,TRUE,D:/PREIS_Ebola_DRC_Sitrep_FV_12.06.26/data/pdf/SitRep_32_2026.pdf,2026-06-25T16:15:33Z,2026-06-25T16:20:55Z,https://insp.cd/sitrep-n32-mvb_15-06-2026/,
31,https://insp.cd/wp-content/uploads/2026/06/VF-SitRep_MVE_RDC_N°31_14_06_2026.pdf,14-06-2026,SitRep N31 MVB 14-06-2026,2026,https://insp.cd/sitrep-n31-mvb_14-06-2026/,MVB_2026_Ituri_Bundibugyo,2026-06-25T16:15:33Z,TRUE,TRUE,TRUE,D:/PREIS_Ebola_DRC_Sitrep_FV_12.06.26/data/pdf/SitRep_31_2026.pdf,2026-06-25T16:15:33Z,2026-06-25T16:21:26Z,https://insp.cd/sitrep-n31-mvb_14-06-2026/,
30,https://insp.cd/wp-content/uploads/2026/06/Draft-Final_SitRep_MVE_RDC_N°30_13_06_2026-FD-1-1.pdf,13-06-2026,SitRep N30 MVB 13-06-2026,2026,https://insp.cd/sitrep-n30-mvb_13-06-2026/,MVB_2026_Ituri,2026-06-15T20:37:38Z,TRUE,TRUE,TRUE,D:/PREIS_Ebola_DRC_Sitrep_FV_12.06.26/data/pdf/SitRep_30_2026.pdf,2026-06-15T20:37:38Z,2026-06-25T16:21:32Z,https://insp.cd/sitrep-n30-mvb_13-06-2026/,
28,https://insp.cd/wp-content/uploads/2026/06/SitRep_MVE_RDC_N°28_11062026_Final.pdf,11-06-2026,SitRep N28 MVB 11-06-2026,2026,https://insp.cd/sitrep-n28-mvb_11-06-2026/,MVB_2026_Ituri,2026-06-13T17:16:18Z,TRUE,TRUE,TRUE,D:/PREIS_Ebola_DRC_Sitrep_FV_12.06.26/data/pdf/SitRep_28_2026.pdf,2026-06-13T17:16:18Z,2026-06-25T16:21:38Z,https://insp.cd/sitrep-n28-mvb_11-06-2026/,
27,https://insp.cd/wp-content/uploads/2026/06/Draft_1_SitRep_MVE_RDC_N°27_10_06_2026-2.pdf,10-06-2026,SitRep N27 MVB 10-06-2026,2026,https://insp.cd/sitrep-n27-mvb_10-06-2026/,MVB_2026_Ituri,2026-06-13T17:16:18Z,TRUE,TRUE,TRUE,D:/PREIS_Ebola_DRC_Sitrep_FV_12.06.26/data/pdf/SitRep_27_2026.pdf,2026-06-13T17:16:18Z,2026-06-25T16:21:43Z,https://insp.cd/sitrep-n27-mvb_10-06-2026/,
26,https://insp.cd/wp-content/uploads/2026/06/SitRep_MVE_RDC_N°26_09_06_2026_Final.pdf,09-06-2026,SitRep N26 MVB 09-06-2026,2026,https://insp.cd/sitrep-n26-mvb_09-06-2026/,MVB_2026_Ituri,2026-06-13T17:16:18Z,TRUE,TRUE,TRUE,D:/PREIS_Ebola_DRC_Sitrep_FV_12.06.26/data/pdf/SitRep_26_2026.pdf,2026-06-13T17:16:18Z,2026-06-25T16:21:49Z,https://insp.cd/sitrep-n26-mvb_09-06-2026/,
25,https://insp.cd/wp-content/uploads/2026/06/SitRep_MVE_RDC_N°25_08_06_2026-FD-1.pdf,08-06-2026,SitRep N25 MVB 08-06-2026,2026,https://insp.cd/sitrep-n25-mvb_08-06-2026/,MVB_2026_Ituri,2026-06-13T17:16:18Z,TRUE,TRUE,TRUE,D:/PREIS_Ebola_DRC_Sitrep_FV_12.06.26/data/pdf/SitRep_25_2026.pdf,2026-06-13T17:16:18Z,2026-06-25T16:21:55Z,https://insp.cd/sitrep-n25-mvb_08-06-2026/,
24,https://insp.cd/wp-content/uploads/2026/06/SitRep_MVE_RDC_N°24_07_06_2026-FD.pdf,07-06-2026,SitRep N24 MVB 07-06-2026,2026,https://insp.cd/sitrep-n24-mvb_07-06-2026/,MVB_2026_Ituri,2026-06-13T17:16:18Z,TRUE,TRUE,TRUE,D:/PREIS_Ebola_DRC_Sitrep_FV_12.06.26/data/pdf/SitRep_24_2026.pdf,2026-06-13T17:16:18Z,2026-06-25T16:22:00Z,https://insp.cd/sitrep-n24-mvb_07-06-2026/,
23,local://PREIS_DRC_Ebola_SitRep_023.pdf,,GitHub INRB,2026,,MVB_2026_Ituri,2026-07-26 13:14:47.980732,TRUE,FALSE,FALSE,/home/runner/work/PREIS_Ebola_DRC_Sitrep/PREIS_Ebola_DRC_Sitrep/data/pdf/PREIS_DRC_Ebola_SitRep_023.pdf,2026-07-26 13:14:47.980444,2026-07-26 13:14:47.980628,,
22,https://insp.cd/wp-content/uploads/2026/06/VF_SitRep_MVE_RDC_N22_06_06_2026-FD_JO2_PA.pdf,05-06-2026,SitRep N22 MVB 05-06-2026,2026,https://insp.cd/sitrep-n22-mvb_05-06-2026/,MVB_2026_Ituri,2026-06-13T17:16:18Z,TRUE,TRUE,TRUE,D:/PREIS_Ebola_DRC_Sitrep_FV_12.06.26/data/pdf/SitRep_22_2026.pdf,2026-06-13T17:16:18Z,2026-06-25T16:22:12Z,https://insp.cd/sitrep-n22-mvb_05-06-2026/,
21,https://insp.cd/wp-content/uploads/2026/06/SitRep_MVE_RDC_N21_04_JUIN_2026-_JO_PA-FINAL_OK.pdf,,SitRep N21 MVB NA,2026,https://insp.cd/sitrep-n021-mve-bundibugyo/,MVB_2026_Ituri,2026-06-13T17:16:18Z,TRUE,TRUE,TRUE,D:/PREIS_Ebola_DRC_Sitrep_FV_12.06.26/data/pdf/SitRep_21_2026.pdf,2026-06-13T17:16:18Z,2026-06-13T18:27:10Z,https://insp.cd/sitrep-n021-mve-bundibugyo/,
20,https://insp.cd/wp-content/uploads/2026/06/Draft-2-SitRep_MVE_RDC_N20_02_06_2026-_JO_PA-FINAL.pdf,02-06-2026,SitRep N20 MVB 02-06-2026,2026,https://insp.cd/sitrep-n020-mvb_02-06-2026/,MVB_2026_Ituri,2026-06-13T17:16:18Z,TRUE,TRUE,TRUE,D:/PREIS_Ebola_DRC_Sitrep_FV_12.06.26/data/pdf/SitRep_20_2026.pdf,2026-06-13T17:16:18Z,2026-06-25T16:22:17Z,https://insp.cd/sitrep-n020-mvb_02-06-2026/,
19,https://insp.cd/wp-content/uploads/2026/06/Draft-1-SitRep_MVE_RDC_N19_02_06_2026-_JO_PA-FINAL.-2.pdf,01-06-2026,SitRep N19 MVB 01-06-2026,2026,https://insp.cd/sitrep-n019-mvb_01-06-2026/,MVB_2026_Ituri,2026-06-13T17:16:18Z,TRUE,TRUE,TRUE,D:/PREIS_Ebola_DRC_Sitrep_FV_12.06.26/data/pdf/SitRep_19_2026.pdf,2026-06-13T17:16:18Z,2026-06-25T16:22:22Z,https://insp.cd/sitrep-n019-mvb_01-06-2026/,
18,https://insp.cd/wp-content/uploads/2026/06/Daft-SitRep_MVE_RDC_N18_01_06_2026_JO_PA-Final-1.pdf,01-06-2026,SitRep N18 MVB 01-06-2026,2026,https://insp.cd/sitrep-n018-mvb_01-06-2026/,MVB_2026_Ituri,2026-06-13T17:16:18Z,TRUE,TRUE,TRUE,D:/PREIS_Ebola_DRC_Sitrep_FV_12.06.26/data/pdf/SitRep_18_2026.pdf,2026-06-13T17:16:18Z,2026-06-25T16:22:28Z,https://insp.cd/sitrep-n018-mvb_01-06-2026/,
17,https://insp.cd/wp-content/uploads/2026/07/SitRep-MVE-17-No59-Analytique-final-3.pdf,,SitRep N59 MVB NA,2026,https://insp.cd/sitrep-n059/,MVB_2026_Ituri,2026-07-16T04:19:23Z,TRUE,TRUE,TRUE,/home/runner/work/PREIS_Ebola_DRC_Sitrep/PREIS_Ebola_DRC_Sitrep/data/pdf/PREIS_DRC_Ebola_SitRep_059.pdf,2026-07-16T04:19:23Z,2026-08-04 23:40:09.898246,https://insp.cd/sitrep-n059/,
17,https://insp.cd/wp-content/uploads/2026/06/SitRep_MVE_RDC_N017_01_06_2026-Revised_JO_PA_IM-1.pdf,,SitRep N17 MVB NA,2026,https://insp.cd/sitrep-n017-mvb_31-2026/,MVB_2026_Ituri,2026-06-13T17:16:18Z,TRUE,TRUE,TRUE,D:/PREIS_Ebola_DRC_Sitrep_FV_12.06.26/data/pdf/SitRep_17_2026.pdf,2026-06-13T17:16:18Z,2026-06-25T16:22:42Z,https://insp.cd/sitrep-n017-mvb_31-2026/,
16,https://insp.cd/wp-content/uploads/2026/05/SitRep_MVE_RDC_N°016_31_05_2026.pdf,,SitRep N16 MVB NA,2026,https://insp.cd/sitrep-n016-mvb_30-2026/,MVB_2026_Ituri,2026-06-13T17:16:18Z,TRUE,TRUE,TRUE,D:/PREIS_Ebola_DRC_Sitrep_FV_12.06.26/data/pdf/SitRep_16_2026.pdf,2026-06-13T17:16:18Z,2026-06-25T16:22:59Z,https://insp.cd/sitrep-n016-mvb_30-2026/,
15,local://PREIS_DRC_Ebola_SitRep_015.pdf,,GitHub INRB,2026,,MVB_2026_Ituri,2026-08-01 08:48:48.203874,TRUE,FALSE,FALSE,/home/runner/work/PREIS_Ebola_DRC_Sitrep/PREIS_Ebola_DRC_Sitrep/data/pdf/PREIS_DRC_Ebola_SitRep_015.pdf,2026-08-01 08:48:48.203633,2026-08-01 08:48:48.203771,,
14,local://PREIS_DRC_Ebola_SitRep_014.pdf,,GitHub INRB,2026,,MVB_2026_Ituri,2026-08-01 08:48:48.203874,TRUE,FALSE,FALSE,/home/runner/work/PREIS_Ebola_DRC_Sitrep/PREIS_Ebola_DRC_Sitrep/data/pdf/PREIS_DRC_Ebola_SitRep_014.pdf,2026-08-01 08:48:48.203633,2026-08-01 08:48:48.203771,,
13,local://PREIS_DRC_Ebola_SitRep_013.pdf,,GitHub INRB,2026,,MVB_2026_Ituri,2026-07-30 06:39:38.544976,TRUE,FALSE,FALSE,/home/runner/work/PREIS_Ebola_DRC_Sitrep/PREIS_Ebola_DRC_Sitrep/data/pdf/PREIS_DRC_Ebola_SitRep_013.pdf,2026-07-30 06:39:38.544836,2026-07-30 06:39:38.544922,,
12,https://insp.cd/wp-content/uploads/2026/05/SitRep_MVE_RDC_N°012_26052026_Vf2_IM.pdf,,SitRep N12 MVB NA,2026,https://insp.cd/sitrep-mve-n-012-2026/,MVB_2026_Ituri,2026-06-15T20:37:38Z,FALSE,FALSE,FALSE,,2026-06-15T20:37:38Z,2026-06-15T20:37:38Z,https://insp.cd/sitrep-mve-n-012-2026/,
11,local://PREIS_DRC_Ebola_SitRep_011.pdf,,GitHub INRB,2026,,MVB_2026_Ituri,2026-08-01 08:48:48.203874,TRUE,FALSE,FALSE,/home/runner/work/PREIS_Ebola_DRC_Sitrep/PREIS_Ebola_DRC_Sitrep/data/pdf/PREIS_DRC_Ebola_SitRep_011.pdf,2026-08-01 08:48:48.203633,2026-08-01 08:48:48.203771,,
10,local://PREIS_DRC_Ebola_SitRep_010.pdf,,GitHub INRB,2026,,MVB_2026_Ituri,2026-08-01 08:48:48.203874,TRUE,FALSE,FALSE,/home/runner/work/PREIS_Ebola_DRC_Sitrep/PREIS_Ebola_DRC_Sitrep/data/pdf/PREIS_DRC_Ebola_SitRep_010.pdf,2026-08-01 08:48:48.203633,2026-08-01 08:48:48.203771,,
9,local://PREIS_DRC_Ebola_SitRep_009.pdf,,GitHub INRB,2026,,MVB_2026_Ituri,2026-08-01 08:48:48.203874,TRUE,FALSE,FALSE,/home/runner/work/PREIS_Ebola_DRC_Sitrep/PREIS_Ebola_DRC_Sitrep/data/pdf/PREIS_DRC_Ebola_SitRep_009.pdf,2026-08-01 08:48:48.203633,2026-08-01 08:48:48.203771,,
8,local://PREIS_DRC_Ebola_SitRep_008.pdf,,GitHub INRB,2026,,MVB_2026_Ituri,2026-08-01 08:48:48.203874,TRUE,FALSE,FALSE,/home/runner/work/PREIS_Ebola_DRC_Sitrep/PREIS_Ebola_DRC_Sitrep/data/pdf/PREIS_DRC_Ebola_SitRep_008.pdf,2026-08-01 08:48:48.203633,2026-08-01 08:48:48.203771,,
7,local://PREIS_DRC_Ebola_SitRep_007.pdf,,GitHub INRB,2026,,MVB_2026_Ituri,2026-08-01 08:48:48.203874,TRUE,FALSE,FALSE,/home/runner/work/PREIS_Ebola_DRC_Sitrep/PREIS_Ebola_DRC_Sitrep/data/pdf/PREIS_DRC_Ebola_SitRep_007.pdf,2026-08-01 08:48:48.203633,2026-08-01 08:48:48.203771,,
6,local://PREIS_DRC_Ebola_SitRep_006.pdf,,GitHub INRB,2026,,MVB_2026_Ituri,2026-08-01 08:48:48.203874,TRUE,FALSE,FALSE,/home/runner/work/PREIS_Ebola_DRC_Sitrep/PREIS_Ebola_DRC_Sitrep/data/pdf/PREIS_DRC_Ebola_SitRep_006.pdf,2026-08-01 08:48:48.203633,2026-08-01 08:48:48.203771,,
5,local://PREIS_DRC_Ebola_SitRep_005.pdf,,GitHub INRB,2026,,MVB_2026_Ituri,2026-08-01 08:48:48.203874,TRUE,FALSE,FALSE,/home/runner/work/PREIS_Ebola_DRC_Sitrep/PREIS_Ebola_DRC_Sitrep/data/pdf/PREIS_DRC_Ebola_SitRep_005.pdf,2026-08-01 08:48:48.203633,2026-08-01 08:48:48.203771,,
4,https://insp.cd/wp-content/uploads/2026/05/Sitrep_MVE-Ituri_N°004-au-20-mai-2026.pdf,,SitRep N3 MVB NA,2026,https://insp.cd/sitrep-mve-n-003-2026/,MVB_2026_Ituri,2026-06-15T20:37:38Z,FALSE,FALSE,FALSE,,2026-06-15T20:37:38Z,2026-06-15T20:37:38Z,https://insp.cd/sitrep-mve-n-003-2026/,
1,local://PREIS_DRC_Ebola_SitRep_001.pdf,,GitHub INRB,2026,,MVB_2026_Ituri,2026-08-01 08:48:48.203874,TRUE,FALSE,FALSE,/home/runner/work/PREIS_Ebola_DRC_Sitrep/PREIS_Ebola_DRC_Sitrep/data/pdf/PREIS_DRC_Ebola_SitRep_001.pdf,2026-08-01 08:48:48.203633,2026-08-01 08:48:48.203771,,
