"signature","alerted_utc","missing"
"missing=63,82;series=81;dl=81","2026-08-07 01:21:28 UTC","63|82"
"missing=63;series=81;dl=81","2026-08-07 16:07:06 UTC","63"
"missing=63,82;series=81;dl=81","2026-08-07 16:38:29 UTC","63|82"
"missing=82;series=81;dl=81","2026-08-07 20:02:20 UTC","82"
"missing=82;series=82;dl=81","2026-08-08 14:40:07 UTC","82"
"missing=93;series=92;dl=81","2026-08-16 22:02:50 UTC","93"
"missing=134;series=133;dl=134","2026-09-27 21:43:09 UTC","134"
"missing=134,135;series=133;dl=135","2026-09-28 06:04:57 UTC","134|135"
"missing=144;series=143;dl=144","2026-10-07 11:43:03 UTC","144"
"missing=146;series=145;dl=145","2026-10-10 06:21:49 UTC","146"
