run_id,detected_at_utc,sent_at_utc,sitrep_no,sitrep_date,page_url,pdf_url,pdf_sha256,pdf_file,email_status,note,title,post_url,pdf_path,status,sent_at,detected_at
,,,28,,,,,,sent_cloud,,DRC Ebola SitRep 28,https://insp.cd/sitrep-n28-mvb_11-06-2026/,Already sent locally before GitHub setup,sent_cloud,2026-06-12T23:10:59Z,
20260629_180930,2026-06-29 18:10:13,,44,2026-06-27,https://insp.cd/sitrep-n044-mvb_27-06-2026/,https://insp.cd/wp-content/uploads/2026/06/Final-SitRep_MVE_RDC_N°044_27_06_2026.pdf,122a15ac6296926dd1ff8c05e0c605fd8f4612943145c3097264d3df66d897f1,/home/runner/work/PREIS_Ebola_DRC_Sitrep/PREIS_Ebola_DRC_Sitrep/data/pdf/PREIS_DRC_Ebola_SitRep_044.pdf,failed,"Erreur envoi SMTP curl. Sortie:
",,,,,,
20260629_183049,2026-06-29 18:31:32,,44,2026-06-27,https://insp.cd/sitrep-n044-mvb_27-06-2026/,https://insp.cd/wp-content/uploads/2026/06/Final-SitRep_MVE_RDC_N°044_27_06_2026.pdf,122a15ac6296926dd1ff8c05e0c605fd8f4612943145c3097264d3df66d897f1,/home/runner/work/PREIS_Ebola_DRC_Sitrep/PREIS_Ebola_DRC_Sitrep/data/pdf/PREIS_DRC_Ebola_SitRep_044.pdf,failed,"Erreur envoi SMTP curl. Sortie:
",,,,,,
20260629_184344,2026-06-29 18:44:29,,44,2026-06-27,https://insp.cd/sitrep-n044-mvb_27-06-2026/,https://insp.cd/wp-content/uploads/2026/06/Final-SitRep_MVE_RDC_N°044_27_06_2026.pdf,122a15ac6296926dd1ff8c05e0c605fd8f4612943145c3097264d3df66d897f1,/home/runner/work/PREIS_Ebola_DRC_Sitrep/PREIS_Ebola_DRC_Sitrep/data/pdf/PREIS_DRC_Ebola_SitRep_044.pdf,failed,"Erreur envoi SMTP curl. Sortie:
",,,,,,
20260629_194600,2026-06-29 19:46:44,,44,2026-06-27,https://insp.cd/sitrep-n044-mvb_27-06-2026/,https://insp.cd/wp-content/uploads/2026/06/Final-SitRep_MVE_RDC_N°044_27_06_2026.pdf,122a15ac6296926dd1ff8c05e0c605fd8f4612943145c3097264d3df66d897f1,/home/runner/work/PREIS_Ebola_DRC_Sitrep/PREIS_Ebola_DRC_Sitrep/data/pdf/PREIS_DRC_Ebola_SitRep_044.pdf,failed,"Erreur envoi SMTP curl. Sortie:
",,,,,,
20260629_204730,2026-06-29 20:48:14,,44,2026-06-27,https://insp.cd/sitrep-n044-mvb_27-06-2026/,https://insp.cd/wp-content/uploads/2026/06/Final-SitRep_MVE_RDC_N°044_27_06_2026.pdf,122a15ac6296926dd1ff8c05e0c605fd8f4612943145c3097264d3df66d897f1,/home/runner/work/PREIS_Ebola_DRC_Sitrep/PREIS_Ebola_DRC_Sitrep/data/pdf/PREIS_DRC_Ebola_SitRep_044.pdf,failed,"Erreur envoi SMTP Python. Sortie:
error in running command",,,,,,
20260629_210252,2026-06-29 21:03:36,,44,2026-06-27,https://insp.cd/sitrep-n044-mvb_27-06-2026/,https://insp.cd/wp-content/uploads/2026/06/Final-SitRep_MVE_RDC_N°044_27_06_2026.pdf,122a15ac6296926dd1ff8c05e0c605fd8f4612943145c3097264d3df66d897f1,/home/runner/work/PREIS_Ebola_DRC_Sitrep/PREIS_Ebola_DRC_Sitrep/data/pdf/PREIS_DRC_Ebola_SitRep_044.pdf,failed,"Erreur envoi SMTP Python. Sortie:
PYTHON_SMTP_FATAL: ValueError('ALERT_CC est vide.')
Traceback (most recent call last):
  File ""/tmp/Rtmpd24KKy/preis_smtp_sender_304823060cda.py"", line 136, in <module>
    sys.exit(main())
             ^^^^^^
  File ""/tmp/Rtmpd24KKy/preis_smtp_sender_304823060cda.py"", line 85, in main
    require_email_list(alert_cc, 'ALERT_CC')
  File ""/tmp/Rtmpd24KKy/preis_smtp_sender_304823060cda.py"", line 50, in require_email_list
    raise ValueError(f'{name} est vide.')
ValueError: ALERT_CC est vide.
",,,,,,
20260629_211846,2026-06-29 21:19:35,2026-06-29 21:19:35,44,2026-06-27,https://insp.cd/sitrep-n044-mvb_27-06-2026/,https://insp.cd/wp-content/uploads/2026/06/Final-SitRep_MVE_RDC_N°044_27_06_2026.pdf,122a15ac6296926dd1ff8c05e0c605fd8f4612943145c3097264d3df66d897f1,/home/runner/work/PREIS_Ebola_DRC_Sitrep/PREIS_Ebola_DRC_Sitrep/data/pdf/PREIS_DRC_Ebola_SitRep_044.pdf,sent,Email sent successfully.,,,,,,
20260701_070452,2026-07-01 07:05:58,,46,2026-06-29,https://insp.cd/sitrep-n046-mvb_29-06-2026/,https://insp.cd/wp-content/uploads/2026/07/Draft-SitRep_MVE_RDC_NAÂ°046_29_06_2026_PAZ.pdf,,,failed,PDF download failed for SitRep N46,,,,,,
20260701_084431,2026-07-01 08:45:26,,46,2026-06-29,https://insp.cd/sitrep-n046-mvb_29-06-2026/,https://insp.cd/wp-content/uploads/2026/07/Draft-SitRep_MVE_RDC_NAÂ°046_29_06_2026_PAZ.pdf,9af0c935b812e3508bc7e3109d10e534facf01e529b81efa9703cf2ec200c8b8,/home/runner/work/PREIS_Ebola_DRC_Sitrep/PREIS_Ebola_DRC_Sitrep/data/pdf/PREIS_DRC_Ebola_SitRep_046.pdf,failed,"Erreur envoi SMTP Python. Sortie:
PYTHON_SMTP_FATAL: SMTPDataError(552, b'5.7.0 This message was blocked because its content presents a potential\n5.7.0 security issue. To review our message content and attachment content\n5.7.0 guidelines, go to\n5.7.0  https://support.google.com/mail/?p=BlockedMessage 46e09a7af769-7e9f328636dsm3381938a34.9 - gsmtp')
Traceback (most recent call last):
  File ""/tmp/Rtmpd2nxcg/preis_smtp_sender_336e2ba17502.py"", line 134, in <module>
    sys.exit(main())
             ^^^^^^
  File ""/tmp/Rtmpd2nxcg/preis_smtp_sender_336e2ba17502.py"", line 119, in main
    server.send_message(msg, from_addr=alert_from, to_addrs=recipients)
  File ""/usr/lib/python3.12/smtplib.py"", line 975, in send_message
    return self.sendmail(from_addr, to_addrs, flatmsg, mail_options,
           ^^^^^^^^^^^^^^^^^^^^^^^^^^^^^^^^^^^^^^^^^^^^^^^^^^^^^^^^^
  File ""/usr/lib/python3.12/smtplib.py"", line 897, in sendmail
    raise SMTPDataError(code, resp)
smtplib.SMTPDataError: (552, b'5.7.0 This message was blocked because its content presents a potential\n5.7.0 security issue. To review our message content and attachment content\n5.7.0 guidelines, go to\n5.7.0  https://support.google.com/mail/?p=BlockedMessage 46e09a7af769-7e9f328636dsm3381938a34.9 - gsmtp')

SMTP host: smtp.gmail.com
SMTP port: 465
SMTP user: SMTP_USER
Recipients: raogoz@africacdc.org
Attachment: /home/runner/work/PREIS_Ebola_DRC_Sitrep/PREIS_Ebola_DRC_Sitrep/data/pdf/PREIS_DRC_Ebola_SitRep_046.pdf",,,,,,
20260701_093447,2026-07-01 09:35:34,2026-07-01 09:35:34,46,2026-06-29,https://insp.cd/sitrep-n046-mvb_29-06-2026/,https://insp.cd/wp-content/uploads/2026/07/Draft-SitRep_MVE_RDC_NAÂ°046_29_06_2026_PAZ.pdf,9af0c935b812e3508bc7e3109d10e534facf01e529b81efa9703cf2ec200c8b8,/home/runner/work/PREIS_Ebola_DRC_Sitrep/PREIS_Ebola_DRC_Sitrep/data/pdf/PREIS_DRC_Ebola_SitRep_046.pdf,sent,Email sent successfully.,,,,,,
20260702_102700,2026-07-02 10:28:15,,47,2026-06-30,https://insp.cd/sitrep-n047-mvb_30-06-2026/,https://insp.cd/wp-content/uploads/2026/07/Draft-Final-SitRep_MVE_RDC_NAÂ°047_30_06_2026_IM.pdf,,,failed,invalid argument type,,,,,,
20260702_123645,2026-07-02 12:37:35,2026-07-02 12:37:35,47,2026-06-30,https://insp.cd/sitrep-n047-mvb_30-06-2026/,https://insp.cd/wp-content/uploads/2026/07/Draft-Final-SitRep_MVE_RDC_NAÂ°047_30_06_2026_IM.pdf,8c134ca9522e4be3911e596ffc1daa1b4c2ad4ea0108350ff4992bcd582848b7,/home/runner/work/PREIS_Ebola_DRC_Sitrep/PREIS_Ebola_DRC_Sitrep/data/pdf/PREIS_DRC_Ebola_SitRep_047.pdf,sent,Email sent successfully.,,,,,,
20260703_063730,2026-07-03 06:38:27,2026-07-03 06:38:27,48,2026-07-01,https://insp.cd/sitrep-n48-mvb_01-07-2026/,https://insp.cd/wp-content/uploads/2026/07/SitRep_MVE_RDC_20260701_OK.pdf,8e22f356abc231471fa8f23ceb5b0789d9b8b3ecb87d4219afb8d4a02c7f41e5,/home/runner/work/PREIS_Ebola_DRC_Sitrep/PREIS_Ebola_DRC_Sitrep/data/pdf/PREIS_DRC_Ebola_SitRep_048.pdf,sent,Email sent successfully.,,,,,,
20260703_203757,2026-07-03 20:39:06,,49,2026-07-02,https://insp.cd/sitrep-n049-mvb_02-07-2026/,https://insp.cd/wp-content/uploads/2026/07/SitRep_MVE_RDC_NÂ°049_02_07_2026-3.pdf,,,failed,invalid argument type,,,,,,
20260703_210733,2026-07-03 21:08:18,2026-07-03 21:08:18,49,2026-07-02,https://insp.cd/sitrep-n049-mvb_02-07-2026/,https://insp.cd/wp-content/uploads/2026/07/SitRep_MVE_RDC_NÂ°049_02_07_2026-3.pdf,e5037c90582fcd4ee07383c3a400212816384be891c41234de9ac7e57cc5256b,/home/runner/work/PREIS_Ebola_DRC_Sitrep/PREIS_Ebola_DRC_Sitrep/data/pdf/PREIS_DRC_Ebola_SitRep_049.pdf,sent,Email sent successfully.,,,,,,
20260704_193657,2026-07-04 19:38:01,,50,2026-07-02,https://insp.cd/sitrep-n050-mvb_02-07-2026/,https://insp.cd/wp-content/uploads/2026/07/Draft_SitRep_MVE_RDC_NÂ°050_04_07_2026.pdf,,,failed,invalid argument type,,,,,,
20260704_200728,2026-07-04 20:08:15,2026-07-04 20:08:15,50,2026-07-02,https://insp.cd/sitrep-n050-mvb_02-07-2026/,https://insp.cd/wp-content/uploads/2026/07/Draft_SitRep_MVE_RDC_NÂ°050_04_07_2026.pdf,38b35718a0391fd9931b9984d943c6563a5d78e1b7dd0b315c0df1b917871a26,/home/runner/work/PREIS_Ebola_DRC_Sitrep/PREIS_Ebola_DRC_Sitrep/data/pdf/PREIS_DRC_Ebola_SitRep_050.pdf,sent,Email sent successfully.,,,,,,
20260705_203739,2026-07-05 20:38:49,,51,2026-07-04,https://insp.cd/sitrep-n051-mvb_04-07-2026/,https://insp.cd/wp-content/uploads/2026/07/SitRep_MVE_RDC_NÂ°051_04_07_2026.pdf,,,failed,invalid argument type,,,,,,
20260705_204702,2026-07-05 20:47:52,2026-07-05 20:47:52,51,2026-07-04,https://insp.cd/sitrep-n051-mvb_04-07-2026/,https://insp.cd/wp-content/uploads/2026/07/SitRep_MVE_RDC_NÂ°051_04_07_2026.pdf,c39f745338795aa7affff11428a9e9ce4f8143323178909ec2098ccca444e273,/home/runner/work/PREIS_Ebola_DRC_Sitrep/PREIS_Ebola_DRC_Sitrep/data/pdf/PREIS_DRC_Ebola_SitRep_051.pdf,sent,Email sent successfully.,,,,,,
20260707_183724,2026-07-07 18:38:31,,52,2026-07-05,https://insp.cd/sitrep-n052-mvb_05-07-2026/,https://insp.cd/wp-content/uploads/2026/07/Draft_SitRep_MVE_RDC_NÂ°052_05_07_2026_CORRIGE-1.pdf,,,failed,invalid argument type,,,,,,
20260707_190709,2026-07-07 19:07:57,2026-07-07 19:07:57,52,2026-07-05,https://insp.cd/sitrep-n052-mvb_05-07-2026/,https://insp.cd/wp-content/uploads/2026/07/Draft_SitRep_MVE_RDC_NÂ°052_05_07_2026_CORRIGE-1.pdf,b81a740be7b78d49203fd22526f0319c567d3a4b5673352caeea5fddfe9b9bb5,/home/runner/work/PREIS_Ebola_DRC_Sitrep/PREIS_Ebola_DRC_Sitrep/data/pdf/PREIS_DRC_Ebola_SitRep_052.pdf,sent,Email sent successfully.,,,,,,
20260708_000735,2026-07-08 00:08:49,,53,2026-07-06,https://insp.cd/sitrep-n053-mvb_06-07-2026/,https://insp.cd/wp-content/uploads/2026/07/Draft_SitRep_MVE_RDC_NÂ°053_06_07_2026_NEW.pdf,,,failed,invalid argument type,,,,,,
20260708_003759,2026-07-08 00:38:49,2026-07-08 00:38:49,53,2026-07-06,https://insp.cd/sitrep-n053-mvb_06-07-2026/,https://insp.cd/wp-content/uploads/2026/07/Draft_SitRep_MVE_RDC_NÂ°053_06_07_2026_NEW.pdf,b4c08d91179ba201d6d7caf2cfd3ed9de21b8326643c00f580e6ac253c0af73b,/home/runner/work/PREIS_Ebola_DRC_Sitrep/PREIS_Ebola_DRC_Sitrep/data/pdf/PREIS_DRC_Ebola_SitRep_053.pdf,sent,Email sent successfully.,,,,,,
20260708_223731,2026-07-08 22:38:22,,54,2026-07-07,https://insp.cd/sitrep-n054-mvb_07-07-2026/,https://insp.cd/wp-content/uploads/2026/07/Draft2_SitRep_MVE_RDC_NÂ°054_07_07_2026.pdf,,,failed,invalid argument type,,,,,,
20260708_230725,2026-07-08 23:07:58,2026-07-08 23:07:58,54,2026-07-07,https://insp.cd/sitrep-n054-mvb_07-07-2026/,https://insp.cd/wp-content/uploads/2026/07/Draft2_SitRep_MVE_RDC_NÂ°054_07_07_2026.pdf,9f6126e1cbebbcb185a9b4c536fb8697cbf5242ee9d80943fd76d9f91d885c45,/home/runner/work/PREIS_Ebola_DRC_Sitrep/PREIS_Ebola_DRC_Sitrep/data/pdf/PREIS_DRC_Ebola_SitRep_054.pdf,sent,Email sent successfully.,,,,,,
20260709_210732,2026-07-09 21:08:28,,55,2026-07-08,https://insp.cd/sitrep-n055-mvb_08-07-2026/,https://insp.cd/wp-content/uploads/2026/07/Draft_SitRep_MVE_RDC_NÂ°055_08_07_2026.pdf,,,failed,invalid argument type,,,,,,
20260709_213723,2026-07-09 21:37:55,2026-07-09 21:37:55,55,2026-07-08,https://insp.cd/sitrep-n055-mvb_08-07-2026/,https://insp.cd/wp-content/uploads/2026/07/Draft_SitRep_MVE_RDC_NÂ°055_08_07_2026.pdf,60ab86a82e2797f22b01119c35541ca94e903efc54c8710aa9569cb7b26fab5e,/home/runner/work/PREIS_Ebola_DRC_Sitrep/PREIS_Ebola_DRC_Sitrep/data/pdf/PREIS_DRC_Ebola_SitRep_055.pdf,sent,Email sent successfully.,,,,,,
20261002_143639,2026-10-02 14:37:10,2026-10-02 14:37:10,138,2026-09-29,https://insp.cd/sitrep-n138-mve-bdbv-29-09-2026/,https://insp.cd/wp-content/uploads/2026/10/SitRep_MVEBDB_138_29_09_2026.pdf,b32fd5301634a62c094ca4721bf1305ae418a8d46162cc1f06fc73d2f216acf1,/home/runner/work/PREIS_Ebola_DRC_Sitrep/PREIS_Ebola_DRC_Sitrep/data/pdf/PREIS_DRC_Ebola_SitRep_138.pdf,sent,Email sent successfully.,,,,,,
20261002_225933,2026-10-02 23:00:05,2026-10-02 23:00:05,140,2026-10-01,https://insp.cd/sitrep-n140-mve-bdbv-01-10-2026/,https://insp.cd/wp-content/uploads/2026/10/SitRep_MVEBDB_140_01_10_2026.pdf,4a2e79f665110ea425ff38645c37e5e2cea3f4167137e8c3e4e5fdd0bbf36aa6,/home/runner/work/PREIS_Ebola_DRC_Sitrep/PREIS_Ebola_DRC_Sitrep/data/pdf/PREIS_DRC_Ebola_SitRep_140.pdf,sent,Email sent successfully.,,,,,,
20261004_093217,2026-10-04 09:32:48,2026-10-04 09:32:48,141,2026-10-01,https://insp.cd/sitrep-n141-mve-bdbv-01-10-2026/,https://insp.cd/wp-content/uploads/2026/10/SitRep_MVEBDB_141_02_10_2026.pdf,2a16ce3e63e4239ee400f6d4ea61073997f5a074973652ebaacfab763a4c88f1,/home/runner/work/PREIS_Ebola_DRC_Sitrep/PREIS_Ebola_DRC_Sitrep/data/pdf/PREIS_DRC_Ebola_SitRep_141.pdf,sent,Email sent successfully.,,,,,,
20261006_092753,2026-10-06 09:28:24,2026-10-06 09:28:24,143,2026-10-04,https://insp.cd/sitrep-n143-mve-bdbv-04-10-2026/,https://insp.cd/wp-content/uploads/2026/10/SitRep_MVEBDB_143_04_10_2026.pdf,d3f8a15c0dc2158a501d58170483bfd87c0fcc1b3027ca36e62d3d56667172bb,/home/runner/work/PREIS_Ebola_DRC_Sitrep/PREIS_Ebola_DRC_Sitrep/data/pdf/PREIS_DRC_Ebola_SitRep_143.pdf,sent,Email sent successfully.,,,,,,
20261007_112433,2026-10-07 11:25:03,2026-10-07 11:25:03,144,2026-10-05,https://insp.cd/sitrep-n144-mve-bdbv-05-10-2026/,https://insp.cd/wp-content/uploads/2026/10/SitRep_MVEBDB_144_05_10_2026-2.pdf,4cb75692c79a0c772e936801e595fc960a4fa131a0e615f3fa0645d76d712c9f,/home/runner/work/PREIS_Ebola_DRC_Sitrep/PREIS_Ebola_DRC_Sitrep/data/pdf/PREIS_DRC_Ebola_SitRep_144.pdf,sent,Email sent successfully.,,,,,,
20261008_023246,2026-10-08 02:33:20,2026-10-08 02:33:20,145,2026-10-06,https://insp.cd/sitrep-n145-mve-bdbv-06-10-2026/,https://insp.cd/wp-content/uploads/2026/10/SitRep_MVEBDB_145_06_10_2026.pdf,1436b61a20b36e0be605786f7e16eba200f71beb55f338f169d5c5c365e5610b,/home/runner/work/PREIS_Ebola_DRC_Sitrep/PREIS_Ebola_DRC_Sitrep/data/pdf/PREIS_DRC_Ebola_SitRep_145.pdf,sent,Email sent successfully.,,,,,,
20261010_060308,2026-10-10 06:04:48,2026-10-10 06:04:48,146,2026-10-07,https://insp.cd/sitrep-n146-mve-bdbv-07-10-2026/,https://insp.cd/wp-content/uploads/2026/10/SitRep_MVEBDB_146_07_10_2026.pdf,87202e269e7cef8ae221c79ec4dc33384fdb8b40d781ab3773e31080270f35fd,/home/runner/work/PREIS_Ebola_DRC_Sitrep/PREIS_Ebola_DRC_Sitrep/data/pdf/PREIS_DRC_Ebola_SitRep_146.pdf,sent,Email sent successfully.,,,,,,
