"province","zone_sante","n_alertes","alertes_7j","alertes_30j","n_confirmes","n_deces","derniere_alerte","score_criticite","priorite"
"it Ituri Province","It Rwampara Aire De Santé",492,112,393,107,28,"2026-06-23",1264,"HAUTE"
"it Ituri Province","It Bigo Aire De Santé",321,101,278,76,27,"2026-06-23",961,"HAUTE"
"it Ituri Province","It Aero Aire De Santé",224,83,202,82,4,"2026-06-23",861,"HAUTE"
"it Ituri Province","It Hoho Aire De Santé",236,38,193,84,6,"2026-06-23",727,"HAUTE"
"it Ituri Province","It Mongbwalu Aire De Santé",163,27,141,85,0,"2026-06-23",647,"HAUTE"
"it Ituri Province","It Nyankunde Aire De Santé",191,38,162,42,1,"2026-06-23",486,"HAUTE"
"it Ituri Province","It Ceca 20 Aire De Santé",96,31,88,56,1,"2026-06-23",461,"HAUTE"
"it Ituri Province","It Saïo Aire De Santé",65,37,61,31,0,"2026-06-23",327,"HAUTE"
"it Ituri Province","It Nizi Aire De Santé",87,34,86,23,1,"2026-06-22",303,"HAUTE"
"it Ituri Province","It Shari Aire De Santé",80,13,57,33,4,"2026-06-23",261,"HAUTE"
"it Ituri Province","It Sota Aire De Santé",80,15,77,26,0,"2026-06-23",252,"HAUTE"
"it Ituri Province","It Bunia Cité Aire De Santé",120,17,86,16,5,"2026-06-22",217,"HAUTE"
"it Ituri Province","It Ndcm Aire De Santé",61,12,51,26,0,"2026-06-22",217,"HAUTE"
"it Ituri Province","It Aéroport De Bunia Poc",65,0,65,30,0,"2026-06-16",215,"HAUTE"
"nk Nord Kivu Province","Nk Vungi Aire De Santé",53,16,51,14,0,"2026-06-23",169,"HAUTE"
"it Ituri Province","It Mudzi Maria Aire De Santé",44,15,43,15,5,"2026-06-22",163,"HAUTE"
"it Ituri Province","It Bahwere Aire De Santé",44,19,44,8,0,"2026-06-23",141,"HAUTE"
"it Ituri Province","It Mandje Aire De Santé",25,12,24,15,0,"2026-06-23",135,"HAUTE"
"it Ituri Province","It Ngezi Aire De Santé",73,5,56,12,3,"2026-06-22",131,"HAUTE"
"it Ituri Province","It Pluto Aire De Santé",29,11,28,14,0,"2026-06-23",131,"HAUTE"
"nk Nord Kivu Province","Nk Vusorongi Aire De Santé",48,27,48,0,0,"2026-06-23",129,"HAUTE"
"it Ituri Province","It Bambu Aire De Santé",52,17,46,6,0,"2026-06-23",127,"HAUTE"
"it Ituri Province","It Cnca Saio Aire De Santé",56,6,44,13,4,"2026-06-22",127,"HAUTE"
"nk Nord Kivu Province","Nk Kyavinyonge Aire De Santé",53,22,53,0,0,"2026-06-23",119,"HAUTE"
"it Ituri Province","It Police De Frontière Aire De Santé",39,8,29,13,0,"2026-06-23",118,"HAUTE"
"nk Nord Kivu Province","Nk Masuli Aire De Santé",41,13,41,7,0,"2026-06-23",115,"HAUTE"
"it Ituri Province","It Bankoko Aire De Santé",70,4,61,7,2,"2026-06-18",108,"HAUTE"
"it Ituri Province","It Komanda Aire De Santé",31,15,31,6,0,"2026-06-23",106,"HAUTE"
"ks Kasai Province","Ks Dikole Aire De Santé",248,0,0,21,16,"2025-12-09",105,"HAUTE"
"nk Nord Kivu Province","Nk Kanyaruchinya Aire De Santé",71,10,70,0,0,"2026-06-23",100,"HAUTE"
"it Ituri Province","It Katoto Aire De Santé",22,10,19,10,0,"2026-06-21",99,"HAUTE"
"it Ituri Province","It Ameri Aire De Santé",26,24,26,0,0,"2026-06-23",98,"HAUTE"
"it Ituri Province","It Bora Uzima Aire De Santé",51,2,42,10,4,"2026-06-21",98,"HAUTE"
"it Ituri Province","It Ndibakodu Aire De Santé",40,12,39,4,0,"2026-06-23",95,"HAUTE"
"it Ituri Province","It Tchunga Aire De Santé",38,2,27,12,2,"2026-06-21",93,"HAUTE"
"it Ituri Province","It Marabo Aire De Santé",41,8,33,7,2,"2026-06-23",92,"HAUTE"
"it Ituri Province","It Odranyi Aire De Santé",23,23,23,0,0,"2026-06-22",92,"HAUTE"
"ks Kasai Province","Ks Bulape Aire De Santé",343,0,0,18,26,"2025-12-09",90,"HAUTE"
"nk Nord Kivu Province","Nk Wanamahika Aire De Santé",25,17,25,2,0,"2026-06-23",86,"HAUTE"
"it Ituri Province","It Simbiliabo Aire De Santé",34,8,27,6,4,"2026-06-22",81,"HAUTE"
"nk Nord Kivu Province","Nk Vuhovi Aire De Santé",39,14,39,0,0,"2026-06-23",81,"HAUTE"
"nk Nord Kivu Province","Nk Kibati Aire De Santé",20,20,20,0,0,"2026-06-22",80,"HAUTE"
"it Ituri Province","It Pekele Aire De Santé",20,19,20,0,0,"2026-06-20",77,"HAUTE"
"it Ituri Province","It Opas Aire De Santé",39,4,35,5,2,"2026-06-21",72,"HAUTE"
"it Ituri Province","It Kasegwa Aire De Santé",19,6,18,7,0,"2026-06-22",71,"HAUTE"
"it Ituri Province","It Lembabo Aire De Santé",24,4,18,8,2,"2026-06-23",70,"HAUTE"
"it Ituri Province","It Rwambuzi Aire De Santé",35,2,29,7,7,"2026-06-23",70,"HAUTE"
"it Ituri Province","It Heritage Aire De Santé",20,4,17,8,0,"2026-06-21",69,"HAUTE"
"it Ituri Province","It Adventiste Aire De Santé",44,1,40,5,1,"2026-06-22",68,"HAUTE"
"it Ituri Province","It Bakhita Aire De Santé",29,10,27,2,0,"2026-06-23",67,"HAUTE"
"it Ituri Province","It Yuku Aire De Santé",27,13,27,0,0,"2026-06-23",66,"HAUTE"
"it Ituri Province","It Oronzi Aire De Santé",17,16,17,0,0,"2026-06-17",65,"HAUTE"
"it Ituri Province","It Katanga Aire De Santé",23,11,23,1,0,"2026-06-22",61,"HAUTE"
"nk Nord Kivu Province","Nk Buhumba Aire De Santé",18,14,18,0,0,"2026-06-23",60,"HAUTE"
"it Ituri Province","It Aru Cité Aire De Santé",21,12,18,1,0,"2026-06-23",59,"HAUTE"
"nk Nord Kivu Province","Nk Kalivuli Aire De Santé",29,10,29,0,0,"2026-06-20",59,"HAUTE"
"it Ituri Province","It Nana Aire De Santé",15,11,15,2,0,"2026-06-21",58,"HAUTE"
"it Ituri Province","It Beyi Aire De Santé",22,5,22,4,0,"2026-06-20",57,"HAUTE"
"nk Nord Kivu Province","Nk Kyaghala Aire De Santé",14,7,13,4,0,"2026-06-23",54,"HAUTE"
"nk Nord Kivu Province","Nk Kyondo Aire De Santé",20,11,20,0,0,"2026-06-21",53,"HAUTE"
"it Ituri Province","It Angako Aire De Santé",13,13,13,0,0,"2026-06-18",52,"HAUTE"
"it Ituri Province","It Ongoyi Aire De Santé",28,8,28,0,0,"2026-06-23",52,"HAUTE"
"sk Sud Kivu Province","Sk Lwiro Aire De Santé",13,13,13,0,0,"2026-06-21",52,"HAUTE"
"it Ituri Province","It Kilo Etat Aire De Santé",27,6,18,3,0,"2026-06-23",51,"HAUTE"
"it Ituri Province","It Lolwa Aire De Santé",18,11,18,0,0,"2026-06-23",51,"HAUTE"
"it Ituri Province","It Lita Aire De Santé",8,4,8,6,0,"2026-06-22",50,"HAUTE"
"it Ituri Province","It Abelkozo Aire De Santé",18,1,10,7,0,"2026-06-18",48,"HAUTE"
"it Ituri Province","It Kumudhu Aire De Santé",12,12,12,0,0,"2026-06-22",48,"HAUTE"
"it Ituri Province","It Rodo Aire De Santé",12,12,12,0,0,"2026-06-22",48,"HAUTE"
"sk Sud Kivu Province","Sk Kahungu Aire De Santé",19,7,16,2,2,"2026-06-21",47,"HAUTE"
"nk Nord Kivu Province","Nk Mudja Aire De Santé",16,10,16,0,0,"2026-06-19",46,"HAUTE"
"it Ituri Province","It Laybo Aire De Santé",12,11,12,0,0,"2026-06-23",45,"HAUTE"
"it Ituri Province","It Nyakasanza Aire De Santé",20,4,18,3,2,"2026-06-22",45,"HAUTE"
"it Ituri Province","It Ambimaro Aire De Santé",11,11,11,0,0,"2026-06-19",44,"HAUTE"
"it Ituri Province","It Ayiko Aire De Santé",11,11,11,0,0,"2026-06-22",44,"HAUTE"
"it Ituri Province","It Konga Aire De Santé",11,11,11,0,0,"2026-06-22",44,"HAUTE"
"it Ituri Province","It Nzere Aire De Santé",18,3,14,4,3,"2026-06-21",43,"HAUTE"
"it Ituri Province","It Ukebu Ngali Aire De Santé",12,10,12,0,0,"2026-06-23",42,"HAUTE"
"it Ituri Province","It Birinyama Aire De Santé",18,6,18,1,0,"2026-06-23",41,"HAUTE"
"it Ituri Province","It Lengabo Aire De Santé",15,9,14,0,0,"2026-06-23",41,"HAUTE"
"it Ituri Province","It Lopa Aire De Santé",10,2,10,5,0,"2026-06-20",41,"HAUTE"
"it Ituri Province","It Eru Yofenyiri Aire De Santé",11,10,10,0,0,"2026-06-22",40,"HAUTE"
"nk Nord Kivu Province","Nk Bulambo Aire De Santé",13,9,13,0,0,"2026-06-18",40,"HAUTE"
"nk Nord Kivu Province","Nk Kasitu Aire De Santé",10,10,10,0,0,"2026-06-23",40,"HAUTE"
"nk Nord Kivu Province","Nk Kyalumba Aire De Santé",16,8,16,0,0,"2026-06-23",40,"HAUTE"
"it Ituri Province","It Bafwabango Aire De Santé",8,7,8,2,0,"2026-06-22",39,"HAUTE"
"it Ituri Province","It Mambasa Aire De Santé",13,7,13,1,1,"2026-06-20",39,"HAUTE"
"it Ituri Province","It Sabe Aire De Santé",11,8,10,1,0,"2026-06-23",39,"HAUTE"
"it Ituri Province","It Yaba Aire De Santé",15,8,15,0,0,"2026-06-23",39,"HAUTE"
"it Ituri Province","It Kobu Aire De Santé",22,2,17,3,0,"2026-06-20",38,"HAUTE"
"nk Nord Kivu Province","Nk Vuhasa Aire De Santé",9,8,9,1,0,"2026-06-23",38,"HAUTE"
"it Ituri Province","It Mabangifo Aire De Santé",10,9,10,0,0,"2026-06-23",37,"HAUTE"
"nk Nord Kivu Province","Nk Vusenzera Aire De Santé",6,2,6,5,2,"2026-06-20",37,"HAUTE"
"it Ituri Province","It Amati Aire De Santé",9,9,9,0,0,"2026-06-21",36,"HAUTE"
"it Ituri Province","It Ekanga Aire De Santé",9,9,9,0,0,"2026-06-23",36,"HAUTE"
"it Ituri Province","It Salama Aire De Santé",7,3,7,4,0,"2026-06-23",36,"HAUTE"
"nk Nord Kivu Province","Nk Vuhesi Aire De Santé",15,7,15,0,0,"2026-06-23",36,"HAUTE"
"ks Kasai Province","Ks Bulape Communautaire Aire De Santé",215,0,0,7,7,"2025-12-12",35,"HAUTE"
"it Ituri Province","It Araba Aire De Santé",13,7,13,0,0,"2026-06-23",34,"HAUTE"
"nk Nord Kivu Province","Nk Mukuna Aire De Santé",8,7,8,1,0,"2026-06-23",34,"HAUTE"
"it Ituri Province","It Elake Aire De Santé",9,8,9,0,0,"2026-06-20",33,"HAUTE"
"it Ituri Province","It Kigonze Aire De Santé",9,5,8,2,0,"2026-06-21",33,"HAUTE"
"sk Sud Kivu Province","Sk Ciranga Aire De Santé",9,8,9,0,0,"2026-06-21",33,"HAUTE"
"it Ituri Province","It Tadiri Aire De Santé",8,8,8,0,0,"2026-06-20",32,"HAUTE"
"sk Sud Kivu Province","Sk Chahoboka Aire De Santé",8,8,8,0,0,"2026-06-21",32,"HAUTE"
"it Ituri Province","It Tchomia Aire De Santé",13,3,12,2,0,"2026-06-21",31,"HAUTE"
"nk Nord Kivu Province","Nk Burusi Aire De Santé",13,6,13,0,0,"2026-06-23",31,"HAUTE"
"sk Sud Kivu Province","Sk Kabushwa Aire De Santé",10,7,10,0,0,"2026-06-21",31,"HAUTE"
"it Ituri Province","It Akwe Aire De Santé",8,4,8,2,0,"2026-06-20",30,"HAUTE"
"it Ituri Province","It Juhudi Aire De Santé",5,5,5,2,0,"2026-06-23",30,"HAUTE"
"nk Nord Kivu Province","Nk Matanda Aire De Santé",5,0,5,5,1,"2026-06-14",30,"HAUTE"
"it Ituri Province","It Kasenyi Centre Aire De Santé",7,4,7,2,0,"2026-06-23",29,"HAUTE"
"it Ituri Province","It Aubha Aire De Santé",7,7,7,0,0,"2026-06-20",28,"HAUTE"
"it Ituri Province","It Mado Aire De Santé",7,7,7,0,0,"2026-06-23",28,"HAUTE"
"nk Nord Kivu Province","Nk Virunga Aire De Santé",10,6,10,0,0,"2026-06-21",28,"HAUTE"
"nk Nord Kivu Province","Nk Museya Aire De Santé",9,6,9,0,0,"2026-06-23",27,"HAUTE"
"nk Nord Kivu Province","Nk Vyakuno Aire De Santé",13,3,13,1,1,"2026-06-23",27,"HAUTE"
"it Ituri Province","It Buta Aire De Santé",8,6,8,0,0,"2026-06-18",26,"HAUTE"
"it Ituri Province","It Dele Aire De Santé",15,1,13,2,1,"2026-06-17",26,"HAUTE"
"nk Nord Kivu Province","Nk Kitolu Aire De Santé",11,5,11,0,0,"2026-06-22",26,"HAUTE"
"it Ituri Province","It Ariwara Aire De Santé",16,3,16,0,0,"2026-06-23",25,"HAUTE"
"it Ituri Province","It Bbaya Aire De Santé",8,4,8,1,0,"2026-06-21",25,"HAUTE"
"it Ituri Province","It Makabo Aire De Santé",8,6,7,0,0,"2026-06-21",25,"HAUTE"
"it Ituri Province","It Sukisa 2 Aire De Santé",8,4,8,1,0,"2026-06-23",25,"HAUTE"
"nk Nord Kivu Province","Nk Mabakanga Aire De Santé",4,2,4,3,2,"2026-06-23",25,"HAUTE"
"nk Nord Kivu Province","Nk Vulambayiri Aire De Santé",13,4,13,0,0,"2026-06-23",25,"HAUTE"
"it Ituri Province","It Kasenyi Cité Aire De Santé",7,4,7,1,0,"2026-06-23",24,"HAUTE"
"it Ituri Province","It Laro Aire De Santé",6,6,6,0,0,"2026-06-18",24,"HAUTE"
"it Ituri Province","It Leri Aire De Santé",12,4,12,0,0,"2026-06-23",24,"HAUTE"
"it Ituri Province","It Yangambi Aire De Santé",6,6,6,0,0,"2026-06-23",24,"HAUTE"
"nk Nord Kivu Province","Nk Makangala Aire De Santé",9,2,8,2,0,"2026-06-21",24,"HAUTE"
"it Ituri Province","It Alibha Aire De Santé",23,0,23,0,0,"2026-06-16",23,"HAUTE"
"it Ituri Province","It Ania Aire De Santé",19,1,19,0,0,"2026-06-17",22,"HAUTE"
"nk Nord Kivu Province","Nk Kihinga Aire De Santé",3,3,3,2,0,"2026-06-18",22,"HAUTE"
"nk Nord Kivu Province","Nk Malepe Aire De Santé",3,3,3,2,1,"2026-06-22",22,"HAUTE"
"nk Nord Kivu Province","Nk Masiki Aire De Santé",10,4,10,0,0,"2026-06-23",22,"HAUTE"
"nk Nord Kivu Province","Nk Mugunga Aire De Santé",22,0,22,0,0,"2026-06-14",22,"HAUTE"
"it Ituri Province","It Mandima Aire De Santé",9,4,9,0,0,"2026-06-23",21,"HAUTE"
"it Ituri Province","It Mudzibala Poc",9,4,9,0,0,"2026-06-23",21,"HAUTE"
"nk Nord Kivu Province","Nk Kanzulinzuli Aire De Santé",3,1,3,3,1,"2026-06-23",21,"HAUTE"
"it Ituri Province","It Aloga Aire De Santé",5,5,5,0,0,"2026-06-23",20,"HAUTE"
"it Ituri Province","It Bahaha Aire De Santé",5,5,5,0,0,"2026-06-19",20,"HAUTE"
"it Ituri Province","It Langa Aire De Santé",5,5,5,0,0,"2026-06-22",20,"HAUTE"
"nk Nord Kivu Province","Nk Buhesi Aire De Santé",5,5,5,0,0,"2026-06-18",20,"HAUTE"
"nk Nord Kivu Province","Nk Vayana Aire De Santé",5,5,5,0,0,"2026-06-23",20,"HAUTE"
"sk Sud Kivu Province","Sk Kalangane Aire De Santé",5,5,5,0,0,"2026-06-21",20,"HAUTE"
"it Ituri Province","It Drodro Aire De Santé",9,4,7,0,0,"2026-06-23",19,"MODÉRÉE"
"it Ituri Province","It Muhito Aire De Santé",4,2,3,2,0,"2026-06-18",19,"MODÉRÉE"
"nk Nord Kivu Province","Nk Benengule Aire De Santé",3,2,3,2,1,"2026-06-22",19,"MODÉRÉE"
"nk Nord Kivu Province","Nk Kasisi Aire De Santé",7,4,7,0,0,"2026-06-23",19,"MODÉRÉE"
"nk Nord Kivu Province","Nk Makerere Aire De Santé",10,3,10,0,0,"2026-06-18",19,"MODÉRÉE"
"nk Nord Kivu Province","Nk Munigi Aire De Santé",13,2,13,0,0,"2026-06-22",19,"MODÉRÉE"
"nk Nord Kivu Province","Nk Musenda Aire De Santé",10,3,10,0,0,"2026-06-20",19,"MODÉRÉE"
"it Ituri Province","It Djalasiga Aire De Santé",4,0,3,3,0,"2026-06-16",18,"MODÉRÉE"
"it Ituri Province","It Pilipili Aire De Santé",3,0,3,3,0,"2026-06-14",18,"MODÉRÉE"
"nk Nord Kivu Province","Nk Katsya Aire De Santé",2,2,2,2,2,"2026-06-20",18,"MODÉRÉE"
"nk Nord Kivu Province","Nk Kyangike Aire De Santé",3,0,3,3,2,"2026-06-15",18,"MODÉRÉE"
"nk Nord Kivu Province","Nk Bugamba Aire De Santé",18,0,17,0,0,"2026-06-02",17,"MODÉRÉE"
"nk Nord Kivu Province","Nk Turunga Aire De Santé",18,0,17,0,0,"2026-06-09",17,"MODÉRÉE"
"it Ituri Province","It Boga Aire De Santé",6,4,4,0,0,"2026-06-22",16,"MODÉRÉE"
"it Ituri Province","It Kindia Aire De Santé",7,2,5,1,0,"2026-06-22",16,"MODÉRÉE"
"it Ituri Province","It Mabitane Aire De Santé",4,4,4,0,0,"2026-06-23",16,"MODÉRÉE"
"it Ituri Province","It Nia Nia Aire De Santé",4,4,4,0,0,"2026-06-22",16,"MODÉRÉE"
"nk Nord Kivu Province","Nk Kirindera Aire De Santé",4,4,4,0,0,"2026-06-23",16,"MODÉRÉE"
"nk Nord Kivu Province","Nk Vuhika Aire De Santé",4,4,4,0,0,"2026-06-23",16,"MODÉRÉE"
"it Ituri Province","It Nyarambe Mission Aire De Santé",9,3,6,0,0,"2026-06-19",15,"MODÉRÉE"
"ks Kasai Province","Ks Bambalaie Aire De Santé",76,0,0,3,2,"2025-11-25",15,"MODÉRÉE"
"nk Nord Kivu Province","Nk Bunyuka Aire De Santé",7,3,6,0,1,"2026-06-23",15,"MODÉRÉE"
"it Ituri Province","It Ituri Aire De Santé",2,1,1,2,0,"2026-06-22",14,"MODÉRÉE"
"it Ituri Province","It Ngabulo Aire De Santé",3,2,3,1,0,"2026-06-20",14,"MODÉRÉE"
"nk Nord Kivu Province","Nk Rughenda Aire De Santé",6,1,6,1,0,"2026-06-21",14,"MODÉRÉE"
"nk Nord Kivu Province","Nk Tulizeni Aire De Santé",8,2,8,0,0,"2026-06-21",14,"MODÉRÉE"
"nk Nord Kivu Province","Nk Vutumbi Aire De Santé",8,2,8,0,0,"2026-06-23",14,"MODÉRÉE"
"it Ituri Province","It Bafwambaya Aire De Santé",2,2,2,1,0,"2026-06-22",13,"MODÉRÉE"
"it Ituri Province","It Bogoro Aire De Santé",6,1,5,1,0,"2026-06-20",13,"MODÉRÉE"
"it Ituri Province","It Ngona Aire De Santé",12,1,10,0,1,"2026-06-20",13,"MODÉRÉE"
"it Ituri Province","It Songolo Aire De Santé",3,2,2,1,0,"2026-06-19",13,"MODÉRÉE"
"nk Nord Kivu Province","Nk Lubero Cité Aire De Santé",7,2,7,0,0,"2026-06-23",13,"MODÉRÉE"
"nk Nord Kivu Province","Nk Ndindi Aire De Santé",3,0,3,2,2,"2026-06-16",13,"MODÉRÉE"
"nk Nord Kivu Province","Nk Vighole Aire De Santé",4,3,4,0,0,"2026-06-23",13,"MODÉRÉE"
"it Ituri Province","It Apari Aire De Santé",3,3,3,0,0,"2026-06-23",12,"MODÉRÉE"
"it Ituri Province","It Berunda Aire De Santé",9,1,9,0,0,"2026-06-19",12,"MODÉRÉE"
"it Ituri Province","It Kilo Mission Aire De Santé",4,0,2,2,0,"2026-06-05",12,"MODÉRÉE"
"it Ituri Province","It Mputu Aire De Santé",4,1,4,1,0,"2026-06-17",12,"MODÉRÉE"
"it Ituri Province","It Soleniama Aire De Santé",3,3,3,0,0,"2026-06-19",12,"MODÉRÉE"
"nk Nord Kivu Province","Nk Kahondo Aire De Santé",12,0,12,0,0,"2026-06-01",12,"MODÉRÉE"
"nk Nord Kivu Province","Nk Katiri Aire De Santé",6,2,6,0,0,"2026-06-22",12,"MODÉRÉE"
"nk Nord Kivu Province","Nk Kibwe Aire De Santé",6,2,6,0,0,"2026-06-23",12,"MODÉRÉE"
"nk Nord Kivu Province","Nk Mama Musayi Aire De Santé",2,0,2,2,1,"2026-06-15",12,"MODÉRÉE"
"nk Nord Kivu Province","Nk Vunyakondomi Aire De Santé",3,3,3,0,0,"2026-06-23",12,"MODÉRÉE"
"it Ituri Province","It Irumu Aire De Santé",10,1,8,0,1,"2026-06-20",11,"MODÉRÉE"
"it Ituri Province","It Mangiva Aire De Santé",3,1,3,1,0,"2026-06-21",11,"MODÉRÉE"
"it Ituri Province","It Baimani Aire De Santé",3,1,2,1,0,"2026-06-17",10,"MODÉRÉE"
"it Ituri Province","It Balazana Aire De Santé",2,1,2,1,0,"2026-06-23",10,"MODÉRÉE"
"it Ituri Province","It Rimba Aire De Santé",5,0,5,1,0,"2026-06-14",10,"MODÉRÉE"
"nk Nord Kivu Province","Nk Kyangendi Aire De Santé",7,1,7,0,0,"2026-06-23",10,"MODÉRÉE"
"it Ituri Province","It Biringi Aire De Santé",3,2,3,0,0,"2026-06-23",9,"MODÉRÉE"
"it Ituri Province","It Mandro Aire De Santé",1,1,1,1,0,"2026-06-22",9,"MODÉRÉE"
"it Ituri Province","It Masikini Aire De Santé",1,1,1,1,0,"2026-06-21",9,"MODÉRÉE"
"it Ituri Province","It Ndjanga Aire De Santé",1,1,1,1,0,"2026-06-20",9,"MODÉRÉE"
"it Ituri Province","It Ondolea Aire De Santé",3,2,3,0,0,"2026-06-23",9,"MODÉRÉE"
"it Ituri Province","It Rabu Aire De Santé",4,0,4,1,0,"2026-06-16",9,"MODÉRÉE"
"it Ituri Province","It Toly Toly Aire De Santé",3,2,3,0,0,"2026-06-20",9,"MODÉRÉE"
"nk Nord Kivu Province","Nk Bukoroghoto Aire De Santé",3,2,3,0,0,"2026-06-20",9,"MODÉRÉE"
"nk Nord Kivu Province","Nk Heal Africa Aire De Santé",6,0,4,1,0,"2026-06-01",9,"MODÉRÉE"
"nk Nord Kivu Province","Nk Kasabinyole Aire De Santé",1,1,1,1,0,"2026-06-23",9,"MODÉRÉE"
"nk Nord Kivu Province","Nk Madrandele Aire De Santé",1,1,1,1,1,"2026-06-23",9,"MODÉRÉE"
"nk Nord Kivu Province","Nk Makasi Aire De Santé",4,0,4,1,2,"2026-06-12",9,"MODÉRÉE"
"nk Nord Kivu Province","Nk Ngilinga Aire De Santé",1,1,1,1,0,"2026-06-23",9,"MODÉRÉE"
"nk Nord Kivu Province","Nk Nzuma Aire De Santé",1,1,1,1,0,"2026-06-22",9,"MODÉRÉE"
"nk Nord Kivu Province","Nk Rwangoma Aire De Santé",1,1,1,1,0,"2026-06-23",9,"MODÉRÉE"
"it Ituri Province","It Azumba Aire De Santé",2,2,2,0,0,"2026-06-23",8,"MODÉRÉE"
"it Ituri Province","It Itendey Aire De Santé",8,0,3,1,0,"2026-06-14",8,"MODÉRÉE"
"it Ituri Province","It Kandoy Aire De Santé",2,2,2,0,0,"2026-06-23",8,"MODÉRÉE"
"it Ituri Province","It Lalo Aire De Santé",2,2,2,0,0,"2026-06-22",8,"MODÉRÉE"
"it Ituri Province","It Mahagi Anglican Aire De Santé",2,2,2,0,0,"2026-06-20",8,"MODÉRÉE"
"it Ituri Province","It Mbidjo Aire De Santé",3,0,3,1,0,"2026-06-13",8,"MODÉRÉE"
"it Ituri Province","It Mwanga Aire De Santé",3,0,3,1,0,"2026-06-13",8,"MODÉRÉE"
"it Ituri Province","It Thedeja Aire De Santé",3,0,3,1,0,"2026-06-14",8,"MODÉRÉE"
"it Ituri Province","It Tsinzi Aire De Santé",2,2,2,0,0,"2026-06-22",8,"MODÉRÉE"
"it Ituri Province","It Tumbiabo Aire De Santé",5,1,5,0,0,"2026-06-23",8,"MODÉRÉE"
"nk Nord Kivu Province","Nk Kasika Aire De Santé",2,2,2,0,0,"2026-06-21",8,"MODÉRÉE"
"nk Nord Kivu Province","Nk Kingarame Aire De Santé",2,2,2,0,0,"2026-06-18",8,"MODÉRÉE"
"nk Nord Kivu Province","Nk Muchanga Aire De Santé",8,0,8,0,0,"2026-06-08",8,"MODÉRÉE"
"sk Sud Kivu Province","Sk Buhandahanda Aire De Santé",2,2,2,0,0,"2026-06-21",8,"MODÉRÉE"
"it Ituri Province","It Bakonde Aire De Santé",2,0,2,1,0,"2026-06-15",7,"MODÉRÉE"
"it Ituri Province","It Kombokabo Aire De Santé",7,0,7,0,0,"2026-06-10",7,"MODÉRÉE"
"it Ituri Province","It Kunda Aire De Santé",3,0,2,1,0,"2026-06-10",7,"MODÉRÉE"
"it Ituri Province","It Nyangaray Aire De Santé",4,0,2,1,0,"2026-06-16",7,"MODÉRÉE"
"it Ituri Province","It Petsi Aire De Santé",2,0,2,1,0,"2026-06-13",7,"MODÉRÉE"
"nk Nord Kivu Province","Nk Kivika Aire De Santé",4,1,4,0,0,"2026-06-18",7,"MODÉRÉE"
"nk Nord Kivu Province","Nk Ngongolio Aire De Santé",2,0,2,1,2,"2026-06-16",7,"MODÉRÉE"
"it Ituri Province","It Ahologo Aire De Santé",1,0,1,1,0,"2026-05-31",6,"MODÉRÉE"
"it Ituri Province","It Bamande Aire De Santé",4,1,3,0,0,"2026-06-20",6,"MODÉRÉE"
"it Ituri Province","It Bayhana Aire De Santé",6,0,6,0,0,"2026-06-09",6,"MODÉRÉE"
"it Ituri Province","It Gamba Aire De Santé",2,0,1,1,0,"2026-06-03",6,"MODÉRÉE"
"it Ituri Province","It Kpanga Aire De Santé",1,0,1,1,0,"2026-06-13",6,"MODÉRÉE"
"it Ituri Province","It Loga Aire De Santé",1,0,1,1,0,"2026-06-06",6,"MODÉRÉE"
"it Ituri Province","It Luchay Aire De Santé",2,0,1,1,0,"2026-06-14",6,"MODÉRÉE"
"it Ituri Province","It Makayanga Aire De Santé",1,0,1,1,0,"2026-06-07",6,"MODÉRÉE"
"it Ituri Province","It Mandibe Aire De Santé",1,0,1,1,0,"2026-06-04",6,"MODÉRÉE"
"it Ituri Province","It Mutumbi Aire De Santé",1,0,1,1,0,"2026-06-15",6,"MODÉRÉE"
"it Ituri Province","It Nyaa Aire De Santé",1,0,1,1,0,"2026-05-27",6,"MODÉRÉE"
"it Ituri Province","It Nyamusasi Aire De Santé",5,1,3,0,0,"2026-06-19",6,"MODÉRÉE"
"it Ituri Province","It Panyabio Aire De Santé",1,0,1,1,0,"2026-06-02",6,"MODÉRÉE"
"it Ituri Province","It Zengo Aire De Santé",3,1,3,0,0,"2026-06-20",6,"MODÉRÉE"
"nk Nord Kivu Province","Nk Vutike Aire De Santé",1,0,1,1,0,"2026-06-15",6,"MODÉRÉE"
"it Ituri Province","It Adranga Aire De Santé",2,1,2,0,0,"2026-06-19",5,"MODÉRÉE"
"it Ituri Province","It Binase Aire De Santé",2,1,2,0,0,"2026-06-19",5,"MODÉRÉE"
"it Ituri Province","It Lonyo Aire De Santé",1,0,0,1,1,"2026-05-24",5,"MODÉRÉE"
"it Ituri Province","It Nyalebbe Aire De Santé",2,1,2,0,0,"2026-06-17",5,"MODÉRÉE"
"it Ituri Province","It Olongba Aire De Santé",2,1,2,0,0,"2026-06-18",5,"MODÉRÉE"
"ks Kasai Province","Ks Ingongo Aire De Santé",124,0,0,1,2,"2025-11-24",5,"MODÉRÉE"
"ks Kasai Province","Ks Mpianga Aire De Santé",75,0,0,1,1,"2025-11-30",5,"MODÉRÉE"
"nk Nord Kivu Province","Nk Bujovu Aire De Santé",2,1,2,0,0,"2026-06-21",5,"MODÉRÉE"
"nk Nord Kivu Province","Nk Kalengehya Aire De Santé",2,1,2,0,0,"2026-06-19",5,"MODÉRÉE"
"nk Nord Kivu Province","Nk Kivuwe Aire De Santé",2,1,2,0,0,"2026-06-22",5,"MODÉRÉE"
"sk Sud Kivu Province","Sk Kalole Aire De Santé",5,0,5,0,0,"2026-06-07",5,"MODÉRÉE"
"it Ituri Province","It Alagi Aire De Santé",2,1,1,0,0,"2026-06-23",4,"FAIBLE"
"it Ituri Province","It Alimasi Aire De Santé",1,1,1,0,0,"2026-06-22",4,"FAIBLE"
"it Ituri Province","It Badiya Aire De Santé",4,0,4,0,0,"2026-06-12",4,"FAIBLE"
"it Ituri Province","It Bafwanekengele Aire De Santé",1,1,1,0,0,"2026-06-22",4,"FAIBLE"
"it Ituri Province","It Bholi Aire De Santé",1,1,1,0,0,"2026-06-23",4,"FAIBLE"
"it Ituri Province","It Buu Aire De Santé",1,1,1,0,0,"2026-06-23",4,"FAIBLE"
"it Ituri Province","It Dhuadhua Aire De Santé",1,1,1,0,0,"2026-06-23",4,"FAIBLE"
"it Ituri Province","It Djuru Aire De Santé",1,1,1,0,0,"2026-06-23",4,"FAIBLE"
"it Ituri Province","It Jalusene Aire De Santé",1,1,1,0,0,"2026-06-17",4,"FAIBLE"
"it Ituri Province","It Kambala Aire De Santé",1,1,1,0,0,"2026-06-17",4,"FAIBLE"
"it Ituri Province","It Kayi Aire De Santé",1,1,1,0,0,"2026-06-18",4,"FAIBLE"
"it Ituri Province","It Keli Aire De Santé",1,1,1,0,0,"2026-06-18",4,"FAIBLE"
"it Ituri Province","It Kerekere Aire De Santé",1,1,1,0,0,"2026-06-23",4,"FAIBLE"
"it Ituri Province","It Kikoga Aire De Santé",1,1,1,0,0,"2026-06-23",4,"FAIBLE"
"it Ituri Province","It Kumbuku Aire De Santé",1,1,1,0,0,"2026-06-23",4,"FAIBLE"
"it Ituri Province","It Laudjo Aire De Santé",1,1,1,0,0,"2026-06-23",4,"FAIBLE"
"it Ituri Province","It Mahagi Mission Aire De Santé",1,1,1,0,0,"2026-06-18",4,"FAIBLE"
"it Ituri Province","It Makeke Aire De Santé",1,1,1,0,0,"2026-06-20",4,"FAIBLE"
"it Ituri Province","It Ngbeku Aire De Santé",1,1,1,0,0,"2026-06-23",4,"FAIBLE"
"it Ituri Province","It Ngeria Aire De Santé",1,1,1,0,0,"2026-06-23",4,"FAIBLE"
"it Ituri Province","It Nioka Aire De Santé",1,1,1,0,0,"2026-06-19",4,"FAIBLE"
"it Ituri Province","It Nyakeru Aire De Santé",4,0,4,0,0,"2026-06-15",4,"FAIBLE"
"it Ituri Province","It Obitabo Aire De Santé",1,1,1,0,0,"2026-06-23",4,"FAIBLE"
"it Ituri Province","It Onzari Aire De Santé",1,1,1,0,0,"2026-06-18",4,"FAIBLE"
"it Ituri Province","It Ovisoni Aire De Santé",1,1,1,0,0,"2026-06-23",4,"FAIBLE"
"it Ituri Province","It Rinyi Aire De Santé",1,1,1,0,0,"2026-06-23",4,"FAIBLE"
"it Ituri Province","It Sarara Aire De Santé",1,1,1,0,0,"2026-06-23",4,"FAIBLE"
"it Ituri Province","It Tofu Aire De Santé",1,1,1,0,0,"2026-06-23",4,"FAIBLE"
"it Ituri Province","It Turumu Aire De Santé",1,1,1,0,0,"2026-06-23",4,"FAIBLE"
"it Ituri Province","It Wighi Aire De Santé",1,1,1,0,0,"2026-06-17",4,"FAIBLE"
"it Ituri Province","It Wilii Aire De Santé",1,1,1,0,0,"2026-06-17",4,"FAIBLE"
"nk Nord Kivu Province","Nk Bundji Aire De Santé",1,1,1,0,0,"2026-06-18",4,"FAIBLE"
"nk Nord Kivu Province","Nk Byungo Aire De Santé",4,0,4,0,0,"2026-05-25",4,"FAIBLE"
"nk Nord Kivu Province","Nk Katoyi Aire De Santé",1,1,1,0,0,"2026-06-21",4,"FAIBLE"
"nk Nord Kivu Province","Nk Kighali Aire De Santé",1,1,1,0,0,"2026-06-18",4,"FAIBLE"
"nk Nord Kivu Province","Nk Lubango Aire De Santé",1,1,1,0,0,"2026-06-21",4,"FAIBLE"
"nk Nord Kivu Province","Nk Misebere Aire De Santé",1,1,1,0,0,"2026-06-17",4,"FAIBLE"
"nk Nord Kivu Province","Nk Mugunga 3 Aire De Santé",4,0,4,0,0,"2026-06-06",4,"FAIBLE"
"nk Nord Kivu Province","Nk Méthodiste Unis De Majengo Aire De Santé",1,1,1,0,0,"2026-06-21",4,"FAIBLE"
"nk Nord Kivu Province","Nk Tuungane Aire De Santé",1,1,1,0,0,"2026-06-17",4,"FAIBLE"
"nk Nord Kivu Province","Nk Wayene Aire De Santé",1,1,1,0,0,"2026-06-18",4,"FAIBLE"
"sk Sud Kivu Province","Sk Chibumbiro Aire De Santé",1,1,1,0,0,"2026-06-21",4,"FAIBLE"
"it Ituri Province","It Blukwa Etat Aire De Santé",3,0,3,0,0,"2026-06-08",3,"FAIBLE"
"it Ituri Province","It Ce 39 Iga Barrière Aire De Santé",3,0,3,0,0,"2026-06-14",3,"FAIBLE"
"it Ituri Province","It Gety Aire De Santé",3,0,3,0,0,"2026-06-15",3,"FAIBLE"
"it Ituri Province","It Lwemba Aire De Santé",3,0,3,0,0,"2026-06-12",3,"FAIBLE"
"it Ituri Province","It Ngote Aire De Santé",4,0,3,0,0,"2026-06-15",3,"FAIBLE"
"it Ituri Province","It Tekele Aire De Santé",3,0,3,0,0,"2026-06-11",3,"FAIBLE"
"sk Sud Kivu Province","Sk Muzinzi Aire De Santé",3,0,3,0,0,"2026-06-07",3,"FAIBLE"
"it Ituri Province","It Alla Wi Mo Aire De Santé",2,0,2,0,0,"2026-06-12",2,"FAIBLE"
"it Ituri Province","It Amee Aire De Santé",2,0,2,0,0,"2026-06-15",2,"FAIBLE"
"it Ituri Province","It Aveba Aire De Santé",2,0,2,0,0,"2026-06-14",2,"FAIBLE"
"it Ituri Province","It Essebi Aire De Santé",2,0,2,0,0,"2026-06-16",2,"FAIBLE"
"it Ituri Province","It Fataki Aire De Santé",2,0,2,0,0,"2026-06-03",2,"FAIBLE"
"it Ituri Province","It Koloa Aire De Santé",2,0,2,0,0,"2026-06-12",2,"FAIBLE"
"it Ituri Province","It Mangambo Aire De Santé",3,0,2,0,0,"2026-05-27",2,"FAIBLE"
"it Ituri Province","It Nyarada Aire De Santé",3,0,2,0,0,"2026-06-04",2,"FAIBLE"
"it Ituri Province","It Tchudja Aire De Santé",2,0,2,0,0,"2026-06-03",2,"FAIBLE"
"kn Kinshasa Province","Kn Commerce Aire De Santé",2,0,2,0,2,"2026-05-25",2,"FAIBLE"
"kn Kinshasa Province","Kn Mfumu Mvula Aire De Santé",2,0,2,0,0,"2026-05-27",2,"FAIBLE"
"nk Nord Kivu Province","Nk Baraka Aire De Santé",2,0,2,0,0,"2026-05-29",2,"FAIBLE"
"nk Nord Kivu Province","Nk Mapendo Aire De Santé",4,0,2,0,3,"2026-05-28",2,"FAIBLE"
"nk Nord Kivu Province","Nk Umoja Aire De Santé",3,0,2,0,0,"2026-05-28",2,"FAIBLE"
"it Ituri Province","It Afia Ya Wagonjwa Aire De Santé",1,0,1,0,0,"2026-06-03",1,"FAIBLE"
"it Ituri Province","It Amema Aire De Santé",2,0,1,0,0,"2026-06-04",1,"FAIBLE"
"it Ituri Province","It Aupa Aire De Santé",1,0,1,0,0,"2026-06-01",1,"FAIBLE"
"it Ituri Province","It Bandisende Aire De Santé",1,0,1,0,0,"2026-06-03",1,"FAIBLE"
"it Ituri Province","It Barrière Dele Poc",1,0,1,0,0,"2026-06-16",1,"FAIBLE"
"it Ituri Province","It Bassani Aire De Santé",1,0,1,0,0,"2026-06-04",1,"FAIBLE"
"it Ituri Province","It Basunu Aire De Santé",1,0,1,0,0,"2026-06-12",1,"FAIBLE"
"it Ituri Province","It Bwanasura Aire De Santé",1,0,1,0,0,"2026-06-02",1,"FAIBLE"
"it Ituri Province","It Dabu Aire De Santé",1,0,1,0,0,"2026-06-13",1,"FAIBLE"
"it Ituri Province","It Dala Aire De Santé",1,0,1,0,0,"2026-06-10",1,"FAIBLE"
"it Ituri Province","It Djugu Aire De Santé",1,0,1,0,0,"2026-06-15",1,"FAIBLE"
"it Ituri Province","It Dzna Aire De Santé",1,0,1,0,0,"2026-06-01",1,"FAIBLE"
"it Ituri Province","It Iga Mission Aire De Santé",1,0,1,0,0,"2026-06-11",1,"FAIBLE"
"it Ituri Province","It Kabakaba Aire De Santé",1,0,1,0,0,"2026-06-06",1,"FAIBLE"
"it Ituri Province","It Kabarole Aire De Santé",3,0,1,0,0,"2026-06-03",1,"FAIBLE"
"it Ituri Province","It Kpalo Aire De Santé",1,0,1,0,0,"2026-06-06",1,"FAIBLE"
"it Ituri Province","It Kpandroma Aire De Santé",1,0,1,0,0,"2026-06-15",1,"FAIBLE"
"it Ituri Province","It Luma Aire De Santé",1,0,1,0,0,"2026-06-01",1,"FAIBLE"
"it Ituri Province","It Mangusu Aire De Santé",2,0,1,0,0,"2026-06-04",1,"FAIBLE"
"it Ituri Province","It Manya Aire De Santé",1,0,1,0,0,"2026-06-16",1,"FAIBLE"
"it Ituri Province","It Ndjubu Aire De Santé",1,0,1,0,0,"2026-06-13",1,"FAIBLE"
"it Ituri Province","It Ofay Aire De Santé",1,0,1,0,0,"2026-06-15",1,"FAIBLE"
"it Ituri Province","It Ofoo Poe",1,0,1,0,0,"2026-06-14",1,"FAIBLE"
"it Ituri Province","It Penyi Aire De Santé",1,0,1,0,0,"2026-06-11",1,"FAIBLE"
"it Ituri Province","It Rigo Aire De Santé",1,0,1,0,0,"2026-06-14",1,"FAIBLE"
"it Ituri Province","It Sii Aire De Santé",1,0,1,0,0,"2026-06-10",1,"FAIBLE"
"it Ituri Province","It Tchele Aire De Santé",1,0,1,0,0,"2026-06-15",1,"FAIBLE"
"it Ituri Province","It Tobola Aire De Santé",1,0,1,0,0,"2026-06-12",1,"FAIBLE"
"kn Kinshasa Province","Kn Industriel 2 Aire De Santé",1,0,1,0,0,"2026-05-30",1,"FAIBLE"
"kn Kinshasa Province","Kn Ndolo Aire De Santé",1,0,1,0,0,"2026-05-27",1,"FAIBLE"
"kn Kinshasa Province","Kn Onl Aire De Santé",1,0,1,0,0,"2026-05-29",1,"FAIBLE"
"kn Kinshasa Province","Kn Yolo Sud 2 Aire De Santé",1,0,1,0,0,"2026-05-30",1,"FAIBLE"
"nk Nord Kivu Province","Nk Himbi Aire De Santé",4,0,1,0,0,"2026-05-25",1,"FAIBLE"
"nk Nord Kivu Province","Nk Kambuli Aire De Santé",1,0,1,0,0,"2026-05-25",1,"FAIBLE"
"nk Nord Kivu Province","Nk Kasongwere Aire De Santé",1,0,1,0,0,"2026-06-13",1,"FAIBLE"
"nk Nord Kivu Province","Nk Katindo Aire De Santé",4,0,1,0,0,"2026-06-02",1,"FAIBLE"
"nk Nord Kivu Province","Nk Luseke Aire De Santé",1,0,1,0,0,"2026-06-13",1,"FAIBLE"
"nk Nord Kivu Province","Nk Majengo Aire De Santé",1,0,1,0,0,"2026-06-08",1,"FAIBLE"
"nk Nord Kivu Province","Nk Mitoya Aire De Santé",1,0,1,0,0,"2026-06-11",1,"FAIBLE"
"nk Nord Kivu Province","Nk Ngangi Iii Aire De Santé",1,0,1,0,0,"2026-06-14",1,"FAIBLE"
"nk Nord Kivu Province","Nk Ngitse Aire De Santé",1,0,1,0,0,"2026-06-14",1,"FAIBLE"
"nk Nord Kivu Province","Nk Nkasa Aire De Santé",1,0,1,0,0,"2026-05-28",1,"FAIBLE"
"nk Nord Kivu Province","Nk Pakanza Aire De Santé",1,0,1,0,0,"2026-05-31",1,"FAIBLE"
"nk Nord Kivu Province","Nk Supa Aire De Santé",1,0,1,0,0,"2026-06-12",1,"FAIBLE"
"nk Nord Kivu Province","Nk Vulamba Aire De Santé",1,0,1,0,0,"2026-05-27",1,"FAIBLE"
"sk Sud Kivu Province","Sk Bagira Aire De Santé",1,0,1,0,0,"2026-06-07",1,"FAIBLE"
"sk Sud Kivu Province","Sk Burhiba Aire De Santé",2,0,1,0,0,"2026-05-30",1,"FAIBLE"
"sk Sud Kivu Province","Sk Ceca40 Nguba Aire De Santé",1,0,1,0,0,"2026-06-07",1,"FAIBLE"
"sk Sud Kivu Province","Sk Ciriri 2 Aire De Santé",1,0,1,0,0,"2026-05-25",1,"FAIBLE"
"sk Sud Kivu Province","Sk Kashusha Aire De Santé",1,0,1,0,0,"2026-06-09",1,"FAIBLE"
"sk Sud Kivu Province","Sk Makoma Aire De Santé",1,0,1,0,0,"2026-06-11",1,"FAIBLE"
"sk Sud Kivu Province","Sk Mukongola Aire De Santé",1,0,1,0,0,"2026-06-13",1,"FAIBLE"
"sk Sud Kivu Province","Sk Munya Aire De Santé",1,0,1,0,0,"2026-05-28",1,"FAIBLE"
"sk Sud Kivu Province","Sk Murhesa Aire De Santé",1,0,1,0,0,"2026-06-07",1,"FAIBLE"
"sk Sud Kivu Province","Sk Numbi Aire De Santé",1,0,1,0,0,"2026-05-31",1,"FAIBLE"
"sk Sud Kivu Province","Sk Panzi Aire De Santé",1,0,1,0,0,"2026-06-11",1,"FAIBLE"
"eq Equateur Province","Eq Bafumba Aire De Santé",1,0,0,0,0,"2025-11-03",0,"FAIBLE"
"eq Equateur Province","Eq Buburu Aire De Santé",1,0,0,0,0,"2025-11-28",0,"FAIBLE"
"it Ituri Province","It Central Aire De Santé",1,0,0,0,0,"2026-05-24",0,"FAIBLE"
"it Ituri Province","It D'idjo Aire De Santé",1,0,0,0,0,"2026-05-23",0,"FAIBLE"
"it Ituri Province","It Mahagi Port Etat Aire De Santé",1,0,0,0,0,"2026-05-24",0,"FAIBLE"
"it Ituri Province","It Malo Aire De Santé",2,0,0,0,0,"2026-05-22",0,"FAIBLE"
"it Ituri Province","It Mere Apoline Aire De Santé",1,0,0,0,0,"2026-05-16",0,"FAIBLE"
"kn Kinshasa Province","Kn Adoula Aire De Santé",1,0,0,0,0,"2025-09-22",0,"FAIBLE"
"kn Kinshasa Province","Kn Bisengo Aire De Santé",2,0,0,0,0,"2025-09-29",0,"FAIBLE"
"ks Kasai Province","Ks Bakamayi Aire De Santé",37,0,0,0,0,"2025-11-20",0,"FAIBLE"
"ks Kasai Province","Ks Bakatombi Aire De Santé",22,0,0,0,0,"2025-12-11",0,"FAIBLE"
"ks Kasai Province","Ks Bakua Dishi Aire De Santé",5,0,0,0,0,"2025-11-26",0,"FAIBLE"
"ks Kasai Province","Ks Bambakfu Aire De Santé",1,0,0,0,0,"2025-11-04",0,"FAIBLE"
"ks Kasai Province","Ks Bangombe Aire De Santé",14,0,0,0,0,"2026-03-11",0,"FAIBLE"
"ks Kasai Province","Ks Banongo Aire De Santé",36,0,0,0,0,"2025-10-22",0,"FAIBLE"
"ks Kasai Province","Ks Batanga Aire De Santé",11,0,0,0,0,"2025-11-30",0,"FAIBLE"
"ks Kasai Province","Ks Batua Ishama Aire De Santé",1,0,0,0,0,"2025-11-24",0,"FAIBLE"
"ks Kasai Province","Ks Benalongo Aire De Santé",27,0,0,0,0,"2025-11-20",0,"FAIBLE"
"ks Kasai Province","Ks Benansamba Aire De Santé",61,0,0,0,0,"2025-12-28",0,"FAIBLE"
"ks Kasai Province","Ks Bukwek Aire De Santé",39,0,0,0,0,"2025-11-24",0,"FAIBLE"
"ks Kasai Province","Ks Bulangu Kapimbi Aire De Santé",1,0,0,0,0,"2025-10-30",0,"FAIBLE"
"ks Kasai Province","Ks Bulangu Tshimbulu Aire De Santé",4,0,0,0,0,"2025-11-20",0,"FAIBLE"
"ks Kasai Province","Ks Buleka Aire De Santé",186,0,0,0,0,"2025-11-16",0,"FAIBLE"
"ks Kasai Province","Ks Bulongo Aire De Santé",49,0,0,0,0,"2025-11-13",0,"FAIBLE"
"ks Kasai Province","Ks Bungamba Aire De Santé",39,0,0,0,0,"2026-04-06",0,"FAIBLE"
"ks Kasai Province","Ks Bungongo 1 Aire De Santé",23,0,0,0,0,"2025-11-03",0,"FAIBLE"
"ks Kasai Province","Ks Bungongo 2 Aire De Santé",6,0,0,0,0,"2025-11-03",0,"FAIBLE"
"ks Kasai Province","Ks Bupole Aire De Santé",16,0,0,0,0,"2025-11-08",0,"FAIBLE"
"ks Kasai Province","Ks Bupu Aire De Santé",1,0,0,0,0,"2025-11-08",0,"FAIBLE"
"ks Kasai Province","Ks Congo Aire De Santé",75,0,0,0,0,"2025-11-15",0,"FAIBLE"
"ks Kasai Province","Ks Ebampoma Aire De Santé",98,0,0,0,0,"2025-11-24",0,"FAIBLE"
"ks Kasai Province","Ks Ifaf Aire De Santé",1,0,0,0,0,"2025-09-27",0,"FAIBLE"
"ks Kasai Province","Ks Ikit Aire De Santé",154,0,0,0,0,"2025-12-11",0,"FAIBLE"
"ks Kasai Province","Ks Ilebo Ndjare Aire De Santé",1,0,0,0,0,"2025-11-09",0,"FAIBLE"
"ks Kasai Province","Ks Ishamandongo Aire De Santé",2,0,0,0,0,"2025-11-08",0,"FAIBLE"
"ks Kasai Province","Ks Kalombayi Aire De Santé",13,0,0,0,0,"2025-10-19",0,"FAIBLE"
"ks Kasai Province","Ks Kaluamba Aire De Santé",12,0,0,0,0,"2025-10-15",0,"FAIBLE"
"ks Kasai Province","Ks Kampungu Aire De Santé",3,0,0,0,0,"2025-11-22",0,"FAIBLE"
"ks Kasai Province","Ks Kinda 1 Aire De Santé",2,0,0,0,0,"2025-11-30",0,"FAIBLE"
"ks Kasai Province","Ks Luayi Bushongo Aire De Santé",40,0,0,0,0,"2025-11-21",0,"FAIBLE"
"ks Kasai Province","Ks Lubanga Aire De Santé",1,0,0,0,0,"2025-09-27",0,"FAIBLE"
"ks Kasai Province","Ks Luebo Cité 1 Aire De Santé",1,0,0,0,0,"2025-11-30",0,"FAIBLE"
"ks Kasai Province","Ks Lukaka Aire De Santé",172,0,0,0,0,"2025-12-30",0,"FAIBLE"
"ks Kasai Province","Ks Makonoko Aire De Santé",11,0,0,0,0,"2025-11-08",0,"FAIBLE"
"ks Kasai Province","Ks Malongo 1 Aire De Santé",10,0,0,0,0,"2025-11-22",0,"FAIBLE"
"ks Kasai Province","Ks Malongo 2 Aire De Santé",1,0,0,0,0,"2025-09-27",0,"FAIBLE"
"ks Kasai Province","Ks Maluku Aire De Santé",31,0,0,0,0,"2025-11-23",0,"FAIBLE"
"ks Kasai Province","Ks Mapeyi Aire De Santé",1,0,0,0,0,"2025-09-27",0,"FAIBLE"
"ks Kasai Province","Ks Maréchal Aire De Santé",110,0,0,0,0,"2025-12-16",0,"FAIBLE"
"ks Kasai Province","Ks Mashashana Aire De Santé",1,0,0,0,0,"2025-10-31",0,"FAIBLE"
"ks Kasai Province","Ks Mbelo Aire De Santé",151,0,0,0,0,"2025-11-30",0,"FAIBLE"
"ks Kasai Province","Ks Misumba Aire De Santé",9,0,0,0,0,"2025-10-30",0,"FAIBLE"
"ks Kasai Province","Ks Mitoma Aire De Santé",27,0,0,0,0,"2025-12-07",0,"FAIBLE"
"ks Kasai Province","Ks Mpatambamba Aire De Santé",316,0,0,0,0,"2025-12-09",0,"FAIBLE"
"ks Kasai Province","Ks Muanyika Aire De Santé",161,0,0,0,0,"2025-12-08",0,"FAIBLE"
"ks Kasai Province","Ks Muema Songo Aire De Santé",10,0,0,0,0,"2025-11-22",0,"FAIBLE"
"ks Kasai Province","Ks Muteba Aire De Santé",2,0,0,0,0,"2025-09-27",0,"FAIBLE"
"ks Kasai Province","Ks Mweka 1 Aire De Santé",158,0,0,0,0,"2025-11-30",0,"FAIBLE"
"ks Kasai Province","Ks Mweka 2 Aire De Santé",44,0,0,0,0,"2025-11-20",0,"FAIBLE"
"ks Kasai Province","Ks Mweka 3 Aire De Santé",152,0,0,0,0,"2025-11-11",0,"FAIBLE"
"ks Kasai Province","Ks Nsungi Munene Aire De Santé",48,0,0,0,0,"2025-11-03",0,"FAIBLE"
"ks Kasai Province","Ks Pilote Aire De Santé",16,0,0,0,0,"2025-11-15",0,"FAIBLE"
"ks Kasai Province","Ks Pombo Aire De Santé",101,0,0,0,0,"2025-12-11",0,"FAIBLE"
"ks Kasai Province","Ks Tshikapa Aire De Santé",1,0,0,0,0,"2025-11-15",0,"FAIBLE"
"ks Kasai Province","Ks Tshikuluka Aire De Santé",122,0,0,0,0,"2025-11-29",0,"FAIBLE"
"ks Kasai Province","Ks Tshitala Aire De Santé",24,0,0,0,0,"2025-11-19",0,"FAIBLE"
"ks Kasai Province","Ks Yoolo Aire De Santé",161,0,0,0,0,"2026-01-01",0,"FAIBLE"
"nk Nord Kivu Province","Nk Kishanga Aire De Santé",1,0,0,0,0,"2026-04-29",0,"FAIBLE"
"nk Nord Kivu Province","Nk Kyeshero Aire De Santé",2,0,0,0,1,"2026-05-23",0,"FAIBLE"
"nk Nord Kivu Province","Nk Tenambo Aire De Santé",1,0,0,0,0,"2026-05-19",0,"FAIBLE"
"sk Sud Kivu Province","Sk Nyantende Aire De Santé",1,0,0,0,0,"2026-05-21",0,"FAIBLE"
