"province","zone_sante","n_alertes","n_jours_actif","date_derniere","alertes_7j","rang","pct_total"
"it Ituri Province","It Rwampara Aire De Santé",492,38,"2026-06-23",112,1,5.3
"ks Kasai Province","Ks Bulape Aire De Santé",343,117,"2025-12-09",0,2,3.7
"it Ituri Province","It Bigo Aire De Santé",321,42,"2026-06-23",101,3,3.5
"ks Kasai Province","Ks Mpatambamba Aire De Santé",316,84,"2025-12-09",0,4,3.4
"ks Kasai Province","Ks Dikole Aire De Santé",248,111,"2025-12-09",0,5,2.7
"it Ituri Province","It Hoho Aire De Santé",236,40,"2026-06-23",38,6,2.5
"it Ituri Province","It Aero Aire De Santé",224,50,"2026-06-23",83,7,2.4
"ks Kasai Province","Ks Bulape Communautaire Aire De Santé",215,97,"2025-12-12",0,8,2.3
"it Ituri Province","It Nyankunde Aire De Santé",191,40,"2026-06-23",38,9,2.1
"ks Kasai Province","Ks Buleka Aire De Santé",186,50,"2025-11-16",0,10,2
"ks Kasai Province","Ks Lukaka Aire De Santé",172,94,"2025-12-30",0,11,1.9
"it Ituri Province","It Mongbwalu Aire De Santé",163,46,"2026-06-23",27,12,1.8
"ks Kasai Province","Ks Muanyika Aire De Santé",161,72,"2025-12-08",0,13,1.7
"ks Kasai Province","Ks Yoolo Aire De Santé",161,92,"2026-01-01",0,14,1.7
"ks Kasai Province","Ks Mweka 1 Aire De Santé",158,83,"2025-11-30",0,15,1.7
"ks Kasai Province","Ks Ikit Aire De Santé",154,80,"2025-12-11",0,16,1.7
"ks Kasai Province","Ks Mweka 3 Aire De Santé",152,53,"2025-11-11",0,17,1.6
"ks Kasai Province","Ks Mbelo Aire De Santé",151,24,"2025-11-30",0,18,1.6
"ks Kasai Province","Ks Ingongo Aire De Santé",124,79,"2025-11-24",0,19,1.3
"ks Kasai Province","Ks Tshikuluka Aire De Santé",122,63,"2025-11-29",0,20,1.3
"it Ituri Province","It Bunia Cité Aire De Santé",120,37,"2026-06-22",17,21,1.3
"ks Kasai Province","Ks Maréchal Aire De Santé",110,80,"2025-12-16",0,22,1.2
"ks Kasai Province","Ks Pombo Aire De Santé",101,79,"2025-12-11",0,23,1.1
"ks Kasai Province","Ks Ebampoma Aire De Santé",98,38,"2025-11-24",0,24,1.1
"it Ituri Province","It Ceca 20 Aire De Santé",96,38,"2026-06-23",31,25,1
"it Ituri Province","It Nizi Aire De Santé",87,33,"2026-06-22",34,26,0.9
"it Ituri Province","It Shari Aire De Santé",80,41,"2026-06-23",13,27,0.9
"it Ituri Province","It Sota Aire De Santé",80,36,"2026-06-23",15,28,0.9
"ks Kasai Province","Ks Bambalaie Aire De Santé",76,73,"2025-11-25",0,29,0.8
"ks Kasai Province","Ks Congo Aire De Santé",75,47,"2025-11-15",0,30,0.8
"ks Kasai Province","Ks Mpianga Aire De Santé",75,81,"2025-11-30",0,31,0.8
"it Ituri Province","It Ngezi Aire De Santé",73,38,"2026-06-22",5,32,0.8
"nk Nord Kivu Province","Nk Kanyaruchinya Aire De Santé",71,30,"2026-06-23",10,33,0.8
"it Ituri Province","It Bankoko Aire De Santé",70,32,"2026-06-18",4,34,0.8
"it Ituri Province","It Aéroport De Bunia Poc",65,12,"2026-06-16",0,35,0.7
"it Ituri Province","It Saïo Aire De Santé",65,37,"2026-06-23",37,36,0.7
"it Ituri Province","It Ndcm Aire De Santé",61,40,"2026-06-22",12,37,0.7
"ks Kasai Province","Ks Benansamba Aire De Santé",61,92,"2025-12-28",0,38,0.7
"it Ituri Province","It Cnca Saio Aire De Santé",56,36,"2026-06-22",6,39,0.6
"nk Nord Kivu Province","Nk Kyavinyonge Aire De Santé",53,10,"2026-06-23",22,40,0.6
"nk Nord Kivu Province","Nk Vungi Aire De Santé",53,30,"2026-06-23",16,41,0.6
"it Ituri Province","It Bambu Aire De Santé",52,37,"2026-06-23",17,42,0.6
"it Ituri Province","It Bora Uzima Aire De Santé",51,61,"2026-06-21",2,43,0.5
"ks Kasai Province","Ks Bulongo Aire De Santé",49,51,"2025-11-13",0,44,0.5
"ks Kasai Province","Ks Nsungi Munene Aire De Santé",48,37,"2025-11-03",0,45,0.5
"nk Nord Kivu Province","Nk Vusorongi Aire De Santé",48,10,"2026-06-23",27,46,0.5
"it Ituri Province","It Adventiste Aire De Santé",44,33,"2026-06-22",1,47,0.5
"it Ituri Province","It Bahwere Aire De Santé",44,25,"2026-06-23",19,48,0.5
"it Ituri Province","It Mudzi Maria Aire De Santé",44,31,"2026-06-22",15,49,0.5
"ks Kasai Province","Ks Mweka 2 Aire De Santé",44,54,"2025-11-20",0,50,0.5
"it Ituri Province","It Marabo Aire De Santé",41,62,"2026-06-23",8,51,0.4
"nk Nord Kivu Province","Nk Masuli Aire De Santé",41,29,"2026-06-23",13,52,0.4
"it Ituri Province","It Ndibakodu Aire De Santé",40,34,"2026-06-23",12,53,0.4
"ks Kasai Province","Ks Luayi Bushongo Aire De Santé",40,51,"2025-11-21",0,54,0.4
"it Ituri Province","It Opas Aire De Santé",39,30,"2026-06-21",4,55,0.4
"it Ituri Province","It Police De Frontière Aire De Santé",39,38,"2026-06-23",8,56,0.4
"ks Kasai Province","Ks Bukwek Aire De Santé",39,49,"2025-11-24",0,57,0.4
"ks Kasai Province","Ks Bungamba Aire De Santé",39,194,"2026-04-06",0,58,0.4
"nk Nord Kivu Province","Nk Vuhovi Aire De Santé",39,27,"2026-06-23",14,59,0.4
"it Ituri Province","It Tchunga Aire De Santé",38,35,"2026-06-21",2,60,0.4
"ks Kasai Province","Ks Bakamayi Aire De Santé",37,54,"2025-11-20",0,61,0.4
"ks Kasai Province","Ks Banongo Aire De Santé",36,25,"2025-10-22",0,62,0.4
"it Ituri Province","It Rwambuzi Aire De Santé",35,36,"2026-06-23",2,63,0.4
"it Ituri Province","It Simbiliabo Aire De Santé",34,35,"2026-06-22",8,64,0.4
"it Ituri Province","It Komanda Aire De Santé",31,25,"2026-06-23",15,65,0.3
"ks Kasai Province","Ks Maluku Aire De Santé",31,62,"2025-11-23",0,66,0.3
"it Ituri Province","It Bakhita Aire De Santé",29,392,"2026-06-23",10,67,0.3
"it Ituri Province","It Pluto Aire De Santé",29,32,"2026-06-23",11,68,0.3
"nk Nord Kivu Province","Nk Kalivuli Aire De Santé",29,8,"2026-06-20",10,69,0.3
"it Ituri Province","It Ongoyi Aire De Santé",28,12,"2026-06-23",8,70,0.3
"it Ituri Province","It Kilo Etat Aire De Santé",27,36,"2026-06-23",6,71,0.3
"it Ituri Province","It Yuku Aire De Santé",27,22,"2026-06-23",13,72,0.3
"ks Kasai Province","Ks Benalongo Aire De Santé",27,54,"2025-11-20",0,73,0.3
"ks Kasai Province","Ks Mitoma Aire De Santé",27,71,"2025-12-07",0,74,0.3
"it Ituri Province","It Ameri Aire De Santé",26,21,"2026-06-23",24,75,0.3
"it Ituri Province","It Mandje Aire De Santé",25,38,"2026-06-23",12,76,0.3
"nk Nord Kivu Province","Nk Wanamahika Aire De Santé",25,28,"2026-06-23",17,77,0.3
"it Ituri Province","It Lembabo Aire De Santé",24,34,"2026-06-23",4,78,0.3
"ks Kasai Province","Ks Tshitala Aire De Santé",24,53,"2025-11-19",0,79,0.3
"it Ituri Province","It Alibha Aire De Santé",23,1,"2026-06-16",0,80,0.2
"it Ituri Province","It Katanga Aire De Santé",23,18,"2026-06-22",11,81,0.2
"it Ituri Province","It Odranyi Aire De Santé",23,5,"2026-06-22",23,82,0.2
"ks Kasai Province","Ks Bungongo 1 Aire De Santé",23,19,"2025-11-03",0,83,0.2
"it Ituri Province","It Beyi Aire De Santé",22,26,"2026-06-20",5,84,0.2
"it Ituri Province","It Katoto Aire De Santé",22,29,"2026-06-21",10,85,0.2
"it Ituri Province","It Kobu Aire De Santé",22,31,"2026-06-20",2,86,0.2
"ks Kasai Province","Ks Bakatombi Aire De Santé",22,75,"2025-12-11",0,87,0.2
"nk Nord Kivu Province","Nk Mugunga Aire De Santé",22,8,"2026-06-14",0,88,0.2
"it Ituri Province","It Aru Cité Aire De Santé",21,48,"2026-06-23",12,89,0.2
"it Ituri Province","It Heritage Aire De Santé",20,36,"2026-06-21",4,90,0.2
"it Ituri Province","It Nyakasanza Aire De Santé",20,36,"2026-06-22",4,91,0.2
"it Ituri Province","It Pekele Aire De Santé",20,4,"2026-06-20",19,92,0.2
"nk Nord Kivu Province","Nk Kibati Aire De Santé",20,3,"2026-06-22",20,93,0.2
"nk Nord Kivu Province","Nk Kyondo Aire De Santé",20,10,"2026-06-21",11,94,0.2
"it Ituri Province","It Ania Aire De Santé",19,16,"2026-06-17",1,95,0.2
"it Ituri Province","It Kasegwa Aire De Santé",19,31,"2026-06-22",6,96,0.2
"sk Sud Kivu Province","Sk Kahungu Aire De Santé",19,32,"2026-06-21",7,97,0.2
"it Ituri Province","It Abelkozo Aire De Santé",18,36,"2026-06-18",1,98,0.2
"it Ituri Province","It Birinyama Aire De Santé",18,26,"2026-06-23",6,99,0.2
"it Ituri Province","It Lolwa Aire De Santé",18,18,"2026-06-23",11,100,0.2
"it Ituri Province","It Nzere Aire De Santé",18,34,"2026-06-21",3,101,0.2
"nk Nord Kivu Province","Nk Bugamba Aire De Santé",18,31,"2026-06-02",0,102,0.2
"nk Nord Kivu Province","Nk Buhumba Aire De Santé",18,28,"2026-06-23",14,103,0.2
"nk Nord Kivu Province","Nk Turunga Aire De Santé",18,36,"2026-06-09",0,104,0.2
"it Ituri Province","It Oronzi Aire De Santé",17,5,"2026-06-17",16,105,0.2
"it Ituri Province","It Ariwara Aire De Santé",16,20,"2026-06-23",3,106,0.2
"ks Kasai Province","Ks Bupole Aire De Santé",16,28,"2025-11-08",0,107,0.2
"ks Kasai Province","Ks Pilote Aire De Santé",16,24,"2025-11-15",0,108,0.2
"nk Nord Kivu Province","Nk Kyalumba Aire De Santé",16,8,"2026-06-23",8,109,0.2
"nk Nord Kivu Province","Nk Mudja Aire De Santé",16,16,"2026-06-19",10,110,0.2
"it Ituri Province","It Dele Aire De Santé",15,35,"2026-06-17",1,111,0.2
"it Ituri Province","It Lengabo Aire De Santé",15,34,"2026-06-23",9,112,0.2
"it Ituri Province","It Nana Aire De Santé",15,21,"2026-06-21",11,113,0.2
"it Ituri Province","It Yaba Aire De Santé",15,7,"2026-06-23",8,114,0.2
"nk Nord Kivu Province","Nk Vuhesi Aire De Santé",15,11,"2026-06-23",7,115,0.2
"ks Kasai Province","Ks Bangombe Aire De Santé",14,138,"2026-03-11",0,116,0.2
"nk Nord Kivu Province","Nk Kyaghala Aire De Santé",14,30,"2026-06-23",7,117,0.2
"it Ituri Province","It Angako Aire De Santé",13,1,"2026-06-18",13,118,0.1
"it Ituri Province","It Araba Aire De Santé",13,7,"2026-06-23",7,119,0.1
"it Ituri Province","It Mambasa Aire De Santé",13,26,"2026-06-20",7,120,0.1
"it Ituri Province","It Tchomia Aire De Santé",13,32,"2026-06-21",3,121,0.1
"ks Kasai Province","Ks Kalombayi Aire De Santé",13,22,"2025-10-19",0,122,0.1
"nk Nord Kivu Province","Nk Bulambo Aire De Santé",13,3,"2026-06-18",9,123,0.1
"nk Nord Kivu Province","Nk Burusi Aire De Santé",13,9,"2026-06-23",6,124,0.1
"nk Nord Kivu Province","Nk Munigi Aire De Santé",13,18,"2026-06-22",2,125,0.1
"nk Nord Kivu Province","Nk Vulambayiri Aire De Santé",13,11,"2026-06-23",4,126,0.1
"nk Nord Kivu Province","Nk Vyakuno Aire De Santé",13,19,"2026-06-23",3,127,0.1
"sk Sud Kivu Province","Sk Lwiro Aire De Santé",13,2,"2026-06-21",13,128,0.1
"it Ituri Province","It Kumudhu Aire De Santé",12,0,"2026-06-22",12,129,0.1
"it Ituri Province","It Laybo Aire De Santé",12,9,"2026-06-23",11,130,0.1
"it Ituri Province","It Leri Aire De Santé",12,8,"2026-06-23",4,131,0.1
"it Ituri Province","It Ngona Aire De Santé",12,33,"2026-06-20",1,132,0.1
"it Ituri Province","It Rodo Aire De Santé",12,5,"2026-06-22",12,133,0.1
"it Ituri Province","It Ukebu Ngali Aire De Santé",12,21,"2026-06-23",10,134,0.1
"ks Kasai Province","Ks Kaluamba Aire De Santé",12,18,"2025-10-15",0,135,0.1
"nk Nord Kivu Province","Nk Kahondo Aire De Santé",12,7,"2026-06-01",0,136,0.1
"it Ituri Province","It Ambimaro Aire De Santé",11,2,"2026-06-19",11,137,0.1
"it Ituri Province","It Ayiko Aire De Santé",11,0,"2026-06-22",11,138,0.1
"it Ituri Province","It Eru Yofenyiri Aire De Santé",11,31,"2026-06-22",10,139,0.1
"it Ituri Province","It Konga Aire De Santé",11,4,"2026-06-22",11,140,0.1
"it Ituri Province","It Sabe Aire De Santé",11,35,"2026-06-23",8,141,0.1
"ks Kasai Province","Ks Batanga Aire De Santé",11,23,"2025-11-30",0,142,0.1
"ks Kasai Province","Ks Makonoko Aire De Santé",11,60,"2025-11-08",0,143,0.1
"nk Nord Kivu Province","Nk Kitolu Aire De Santé",11,9,"2026-06-22",5,144,0.1
"it Ituri Province","It Irumu Aire De Santé",10,29,"2026-06-20",1,145,0.1
"it Ituri Province","It Lopa Aire De Santé",10,24,"2026-06-20",2,146,0.1
"it Ituri Province","It Mabangifo Aire De Santé",10,25,"2026-06-23",9,147,0.1
"ks Kasai Province","Ks Malongo 1 Aire De Santé",10,56,"2025-11-22",0,148,0.1
"ks Kasai Province","Ks Muema Songo Aire De Santé",10,29,"2025-11-22",0,149,0.1
"nk Nord Kivu Province","Nk Kasitu Aire De Santé",10,4,"2026-06-23",10,150,0.1
"nk Nord Kivu Province","Nk Makerere Aire De Santé",10,22,"2026-06-18",3,151,0.1
"nk Nord Kivu Province","Nk Masiki Aire De Santé",10,27,"2026-06-23",4,152,0.1
"nk Nord Kivu Province","Nk Musenda Aire De Santé",10,26,"2026-06-20",3,153,0.1
"nk Nord Kivu Province","Nk Virunga Aire De Santé",10,22,"2026-06-21",6,154,0.1
"sk Sud Kivu Province","Sk Kabushwa Aire De Santé",10,16,"2026-06-21",7,155,0.1
"it Ituri Province","It Amati Aire De Santé",9,3,"2026-06-21",9,156,0.1
"it Ituri Province","It Berunda Aire De Santé",9,9,"2026-06-19",1,157,0.1
"it Ituri Province","It Drodro Aire De Santé",9,38,"2026-06-23",4,158,0.1
"it Ituri Province","It Ekanga Aire De Santé",9,1,"2026-06-23",9,159,0.1
"it Ituri Province","It Elake Aire De Santé",9,5,"2026-06-20",8,160,0.1
"it Ituri Province","It Kigonze Aire De Santé",9,35,"2026-06-21",5,161,0.1
"it Ituri Province","It Mandima Aire De Santé",9,20,"2026-06-23",4,162,0.1
"it Ituri Province","It Mudzibala Poc",9,22,"2026-06-23",4,163,0.1
"it Ituri Province","It Nyarambe Mission Aire De Santé",9,30,"2026-06-19",3,164,0.1
"ks Kasai Province","Ks Misumba Aire De Santé",9,37,"2025-10-30",0,165,0.1
"nk Nord Kivu Province","Nk Makangala Aire De Santé",9,28,"2026-06-21",2,166,0.1
"nk Nord Kivu Province","Nk Museya Aire De Santé",9,8,"2026-06-23",6,167,0.1
"nk Nord Kivu Province","Nk Vuhasa Aire De Santé",9,9,"2026-06-23",8,168,0.1
"sk Sud Kivu Province","Sk Ciranga Aire De Santé",9,9,"2026-06-21",8,169,0.1
"it Ituri Province","It Akwe Aire De Santé",8,18,"2026-06-20",4,170,0.1
"it Ituri Province","It Bafwabango Aire De Santé",8,9,"2026-06-22",7,171,0.1
"it Ituri Province","It Bbaya Aire De Santé",8,17,"2026-06-21",4,172,0.1
"it Ituri Province","It Buta Aire De Santé",8,9,"2026-06-18",6,173,0.1
"it Ituri Province","It Itendey Aire De Santé",8,26,"2026-06-14",0,174,0.1
"it Ituri Province","It Lita Aire De Santé",8,23,"2026-06-22",4,175,0.1
"it Ituri Province","It Makabo Aire De Santé",8,31,"2026-06-21",6,176,0.1
"it Ituri Province","It Sukisa 2 Aire De Santé",8,27,"2026-06-23",4,177,0.1
"it Ituri Province","It Tadiri Aire De Santé",8,3,"2026-06-20",8,178,0.1
"nk Nord Kivu Province","Nk Muchanga Aire De Santé",8,12,"2026-06-08",0,179,0.1
"nk Nord Kivu Province","Nk Mukuna Aire De Santé",8,28,"2026-06-23",7,180,0.1
"nk Nord Kivu Province","Nk Tulizeni Aire De Santé",8,27,"2026-06-21",2,181,0.1
"nk Nord Kivu Province","Nk Vutumbi Aire De Santé",8,10,"2026-06-23",2,182,0.1
"sk Sud Kivu Province","Sk Chahoboka Aire De Santé",8,2,"2026-06-21",8,183,0.1
"it Ituri Province","It Aubha Aire De Santé",7,3,"2026-06-20",7,184,0.1
"it Ituri Province","It Kasenyi Centre Aire De Santé",7,11,"2026-06-23",4,185,0.1
"it Ituri Province","It Kasenyi Cité Aire De Santé",7,23,"2026-06-23",4,186,0.1
"it Ituri Province","It Kindia Aire De Santé",7,33,"2026-06-22",2,187,0.1
"it Ituri Province","It Kombokabo Aire De Santé",7,13,"2026-06-10",0,188,0.1
"it Ituri Province","It Mado Aire De Santé",7,6,"2026-06-23",7,189,0.1
"it Ituri Province","It Salama Aire De Santé",7,25,"2026-06-23",3,190,0.1
"nk Nord Kivu Province","Nk Bunyuka Aire De Santé",7,50,"2026-06-23",3,191,0.1
"nk Nord Kivu Province","Nk Kasisi Aire De Santé",7,9,"2026-06-23",4,192,0.1
"nk Nord Kivu Province","Nk Kyangendi Aire De Santé",7,9,"2026-06-23",1,193,0.1
"nk Nord Kivu Province","Nk Lubero Cité Aire De Santé",7,15,"2026-06-23",2,194,0.1
"it Ituri Province","It Bayhana Aire De Santé",6,5,"2026-06-09",0,195,0.1
"it Ituri Province","It Boga Aire De Santé",6,37,"2026-06-22",4,196,0.1
"it Ituri Province","It Bogoro Aire De Santé",6,29,"2026-06-20",1,197,0.1
"it Ituri Province","It Laro Aire De Santé",6,1,"2026-06-18",6,198,0.1
"it Ituri Province","It Yangambi Aire De Santé",6,6,"2026-06-23",6,199,0.1
"ks Kasai Province","Ks Bungongo 2 Aire De Santé",6,41,"2025-11-03",0,200,0.1
"nk Nord Kivu Province","Nk Heal Africa Aire De Santé",6,10,"2026-06-01",0,201,0.1
"nk Nord Kivu Province","Nk Katiri Aire De Santé",6,8,"2026-06-22",2,202,0.1
"nk Nord Kivu Province","Nk Kibwe Aire De Santé",6,29,"2026-06-23",2,203,0.1
"nk Nord Kivu Province","Nk Rughenda Aire De Santé",6,26,"2026-06-21",1,204,0.1
"nk Nord Kivu Province","Nk Vusenzera Aire De Santé",6,24,"2026-06-20",2,205,0.1
"it Ituri Province","It Aloga Aire De Santé",5,5,"2026-06-23",5,206,0.1
"it Ituri Province","It Bahaha Aire De Santé",5,0,"2026-06-19",5,207,0.1
"it Ituri Province","It Juhudi Aire De Santé",5,3,"2026-06-23",5,208,0.1
"it Ituri Province","It Langa Aire De Santé",5,4,"2026-06-22",5,209,0.1
"it Ituri Province","It Nyamusasi Aire De Santé",5,30,"2026-06-19",1,210,0.1
"it Ituri Province","It Rimba Aire De Santé",5,12,"2026-06-14",0,211,0.1
"it Ituri Province","It Tumbiabo Aire De Santé",5,25,"2026-06-23",1,212,0.1
"ks Kasai Province","Ks Bakua Dishi Aire De Santé",5,0,"2025-11-26",0,213,0.1
"nk Nord Kivu Province","Nk Buhesi Aire De Santé",5,0,"2026-06-18",5,214,0.1
"nk Nord Kivu Province","Nk Matanda Aire De Santé",5,3,"2026-06-14",0,215,0.1
"nk Nord Kivu Province","Nk Vayana Aire De Santé",5,3,"2026-06-23",5,216,0.1
"sk Sud Kivu Province","Sk Kalangane Aire De Santé",5,2,"2026-06-21",5,217,0.1
"sk Sud Kivu Province","Sk Kalole Aire De Santé",5,1,"2026-06-07",0,218,0.1
"it Ituri Province","It Badiya Aire De Santé",4,17,"2026-06-12",0,219,0
"it Ituri Province","It Bamande Aire De Santé",4,30,"2026-06-20",1,220,0
"it Ituri Province","It Djalasiga Aire De Santé",4,27,"2026-06-16",0,221,0
"it Ituri Province","It Kilo Mission Aire De Santé",4,17,"2026-06-05",0,222,0
"it Ituri Province","It Mabitane Aire De Santé",4,0,"2026-06-23",4,223,0
"it Ituri Province","It Mputu Aire De Santé",4,20,"2026-06-17",1,224,0
"it Ituri Province","It Muhito Aire De Santé",4,25,"2026-06-18",2,225,0
"it Ituri Province","It Ngote Aire De Santé",4,26,"2026-06-15",0,226,0
"it Ituri Province","It Nia Nia Aire De Santé",4,1,"2026-06-22",4,227,0
"it Ituri Province","It Nyakeru Aire De Santé",4,10,"2026-06-15",0,228,0
"it Ituri Province","It Nyangaray Aire De Santé",4,33,"2026-06-16",0,229,0
"it Ituri Province","It Rabu Aire De Santé",4,11,"2026-06-16",0,230,0
"ks Kasai Province","Ks Bulangu Tshimbulu Aire De Santé",4,54,"2025-11-20",0,231,0
"nk Nord Kivu Province","Nk Byungo Aire De Santé",4,0,"2026-05-25",0,232,0
"nk Nord Kivu Province","Nk Himbi Aire De Santé",4,2,"2026-05-25",0,233,0
"nk Nord Kivu Province","Nk Katindo Aire De Santé",4,11,"2026-06-02",0,234,0
"nk Nord Kivu Province","Nk Kirindera Aire De Santé",4,6,"2026-06-23",4,235,0
"nk Nord Kivu Province","Nk Kivika Aire De Santé",4,22,"2026-06-18",1,236,0
"nk Nord Kivu Province","Nk Mabakanga Aire De Santé",4,7,"2026-06-23",2,237,0
"nk Nord Kivu Province","Nk Makasi Aire De Santé",4,18,"2026-06-12",0,238,0
"nk Nord Kivu Province","Nk Mapendo Aire De Santé",4,5,"2026-05-28",0,239,0
"nk Nord Kivu Province","Nk Mugunga 3 Aire De Santé",4,0,"2026-06-06",0,240,0
"nk Nord Kivu Province","Nk Vighole Aire De Santé",4,24,"2026-06-23",3,241,0
"nk Nord Kivu Province","Nk Vuhika Aire De Santé",4,4,"2026-06-23",4,242,0
"it Ituri Province","It Apari Aire De Santé",3,5,"2026-06-23",3,243,0
"it Ituri Province","It Baimani Aire De Santé",3,24,"2026-06-17",1,244,0
"it Ituri Province","It Biringi Aire De Santé",3,8,"2026-06-23",2,245,0
"it Ituri Province","It Blukwa Etat Aire De Santé",3,7,"2026-06-08",0,246,0
"it Ituri Province","It Ce 39 Iga Barrière Aire De Santé",3,10,"2026-06-14",0,247,0
"it Ituri Province","It Gety Aire De Santé",3,10,"2026-06-15",0,248,0
"it Ituri Province","It Kabarole Aire De Santé",3,10,"2026-06-03",0,249,0
"it Ituri Province","It Kunda Aire De Santé",3,21,"2026-06-10",0,250,0
"it Ituri Province","It Lwemba Aire De Santé",3,12,"2026-06-12",0,251,0
"it Ituri Province","It Mangambo Aire De Santé",3,6,"2026-05-27",0,252,0
"it Ituri Province","It Mangiva Aire De Santé",3,20,"2026-06-21",1,253,0
"it Ituri Province","It Mbidjo Aire De Santé",3,12,"2026-06-13",0,254,0
"it Ituri Province","It Mwanga Aire De Santé",3,1,"2026-06-13",0,255,0
"it Ituri Province","It Ngabulo Aire De Santé",3,17,"2026-06-20",2,256,0
"it Ituri Province","It Nyarada Aire De Santé",3,12,"2026-06-04",0,257,0
"it Ituri Province","It Ondolea Aire De Santé",3,18,"2026-06-23",2,258,0
"it Ituri Province","It Pilipili Aire De Santé",3,7,"2026-06-14",0,259,0
"it Ituri Province","It Soleniama Aire De Santé",3,0,"2026-06-19",3,260,0
"it Ituri Province","It Songolo Aire De Santé",3,29,"2026-06-19",2,261,0
"it Ituri Province","It Tekele Aire De Santé",3,16,"2026-06-11",0,262,0
"it Ituri Province","It Thedeja Aire De Santé",3,10,"2026-06-14",0,263,0
"it Ituri Province","It Toly Toly Aire De Santé",3,17,"2026-06-20",2,264,0
"it Ituri Province","It Zengo Aire De Santé",3,14,"2026-06-20",1,265,0
"ks Kasai Province","Ks Kampungu Aire De Santé",3,56,"2025-11-22",0,266,0
"nk Nord Kivu Province","Nk Benengule Aire De Santé",3,6,"2026-06-22",2,267,0
"nk Nord Kivu Province","Nk Bukoroghoto Aire De Santé",3,5,"2026-06-20",2,268,0
"nk Nord Kivu Province","Nk Kanzulinzuli Aire De Santé",3,7,"2026-06-23",1,269,0
"nk Nord Kivu Province","Nk Kihinga Aire De Santé",3,1,"2026-06-18",3,270,0
"nk Nord Kivu Province","Nk Kyangike Aire De Santé",3,19,"2026-06-15",0,271,0
"nk Nord Kivu Province","Nk Malepe Aire De Santé",3,5,"2026-06-22",3,272,0
"nk Nord Kivu Province","Nk Ndindi Aire De Santé",3,0,"2026-06-16",0,273,0
"nk Nord Kivu Province","Nk Umoja Aire De Santé",3,5,"2026-05-28",0,274,0
"nk Nord Kivu Province","Nk Vunyakondomi Aire De Santé",3,0,"2026-06-23",3,275,0
"sk Sud Kivu Province","Sk Muzinzi Aire De Santé",3,2,"2026-06-07",0,276,0
"it Ituri Province","It Adranga Aire De Santé",2,13,"2026-06-19",1,277,0
"it Ituri Province","It Alagi Aire De Santé",2,34,"2026-06-23",1,278,0
"it Ituri Province","It Alla Wi Mo Aire De Santé",2,0,"2026-06-12",0,279,0
"it Ituri Province","It Amee Aire De Santé",2,5,"2026-06-15",0,280,0
"it Ituri Province","It Amema Aire De Santé",2,13,"2026-06-04",0,281,0
"it Ituri Province","It Aveba Aire De Santé",2,0,"2026-06-14",0,282,0
"it Ituri Province","It Azumba Aire De Santé",2,1,"2026-06-23",2,283,0
"it Ituri Province","It Bafwambaya Aire De Santé",2,1,"2026-06-22",2,284,0
"it Ituri Province","It Bakonde Aire De Santé",2,9,"2026-06-15",0,285,0
"it Ituri Province","It Balazana Aire De Santé",2,15,"2026-06-23",1,286,0
"it Ituri Province","It Binase Aire De Santé",2,4,"2026-06-19",1,287,0
"it Ituri Province","It Essebi Aire De Santé",2,8,"2026-06-16",0,288,0
"it Ituri Province","It Fataki Aire De Santé",2,0,"2026-06-03",0,289,0
"it Ituri Province","It Gamba Aire De Santé",2,11,"2026-06-03",0,290,0
"it Ituri Province","It Ituri Aire De Santé",2,36,"2026-06-22",1,291,0
"it Ituri Province","It Kandoy Aire De Santé",2,1,"2026-06-23",2,292,0
"it Ituri Province","It Koloa Aire De Santé",2,0,"2026-06-12",0,293,0
"it Ituri Province","It Lalo Aire De Santé",2,0,"2026-06-22",2,294,0
"it Ituri Province","It Luchay Aire De Santé",2,28,"2026-06-14",0,295,0
"it Ituri Province","It Mahagi Anglican Aire De Santé",2,3,"2026-06-20",2,296,0
"it Ituri Province","It Malo Aire De Santé",2,0,"2026-05-22",0,297,0
"it Ituri Province","It Mangusu Aire De Santé",2,15,"2026-06-04",0,298,0
"it Ituri Province","It Nyalebbe Aire De Santé",2,2,"2026-06-17",1,299,0
"it Ituri Province","It Olongba Aire De Santé",2,2,"2026-06-18",1,300,0
"it Ituri Province","It Petsi Aire De Santé",2,0,"2026-06-13",0,301,0
"it Ituri Province","It Tchudja Aire De Santé",2,4,"2026-06-03",0,302,0
"it Ituri Province","It Tsinzi Aire De Santé",2,1,"2026-06-22",2,303,0
"kn Kinshasa Province","Kn Bisengo Aire De Santé",2,3,"2025-09-29",0,304,0
"kn Kinshasa Province","Kn Commerce Aire De Santé",2,0,"2026-05-25",0,305,0
"kn Kinshasa Province","Kn Mfumu Mvula Aire De Santé",2,0,"2026-05-27",0,306,0
"ks Kasai Province","Ks Ishamandongo Aire De Santé",2,42,"2025-11-08",0,307,0
"ks Kasai Province","Ks Kinda 1 Aire De Santé",2,50,"2025-11-30",0,308,0
"ks Kasai Province","Ks Muteba Aire De Santé",2,0,"2025-09-27",0,309,0
"nk Nord Kivu Province","Nk Baraka Aire De Santé",2,0,"2026-05-29",0,310,0
"nk Nord Kivu Province","Nk Bujovu Aire De Santé",2,15,"2026-06-21",1,311,0
"nk Nord Kivu Province","Nk Kalengehya Aire De Santé",2,5,"2026-06-19",1,312,0
"nk Nord Kivu Province","Nk Kasika Aire De Santé",2,0,"2026-06-21",2,313,0
"nk Nord Kivu Province","Nk Katsya Aire De Santé",2,0,"2026-06-20",2,314,0
"nk Nord Kivu Province","Nk Kingarame Aire De Santé",2,0,"2026-06-18",2,315,0
"nk Nord Kivu Province","Nk Kivuwe Aire De Santé",2,8,"2026-06-22",1,316,0
"nk Nord Kivu Province","Nk Kyeshero Aire De Santé",2,0,"2026-05-23",0,317,0
"nk Nord Kivu Province","Nk Mama Musayi Aire De Santé",2,3,"2026-06-15",0,318,0
"nk Nord Kivu Province","Nk Ngongolio Aire De Santé",2,17,"2026-06-16",0,319,0
"sk Sud Kivu Province","Sk Buhandahanda Aire De Santé",2,2,"2026-06-21",2,320,0
"sk Sud Kivu Province","Sk Burhiba Aire De Santé",2,11,"2026-05-30",0,321,0
"eq Equateur Province","Eq Bafumba Aire De Santé",1,0,"2025-11-03",0,322,0
"eq Equateur Province","Eq Buburu Aire De Santé",1,0,"2025-11-28",0,323,0
"it Ituri Province","It Afia Ya Wagonjwa Aire De Santé",1,0,"2026-06-03",0,324,0
"it Ituri Province","It Ahologo Aire De Santé",1,0,"2026-05-31",0,325,0
"it Ituri Province","It Alimasi Aire De Santé",1,0,"2026-06-22",1,326,0
"it Ituri Province","It Aupa Aire De Santé",1,0,"2026-06-01",0,327,0
"it Ituri Province","It Bafwanekengele Aire De Santé",1,0,"2026-06-22",1,328,0
"it Ituri Province","It Bandisende Aire De Santé",1,0,"2026-06-03",0,329,0
"it Ituri Province","It Barrière Dele Poc",1,0,"2026-06-16",0,330,0
"it Ituri Province","It Bassani Aire De Santé",1,0,"2026-06-04",0,331,0
"it Ituri Province","It Basunu Aire De Santé",1,0,"2026-06-12",0,332,0
"it Ituri Province","It Bholi Aire De Santé",1,0,"2026-06-23",1,333,0
"it Ituri Province","It Buu Aire De Santé",1,0,"2026-06-23",1,334,0
"it Ituri Province","It Bwanasura Aire De Santé",1,0,"2026-06-02",0,335,0
"it Ituri Province","It Central Aire De Santé",1,0,"2026-05-24",0,336,0
"it Ituri Province","It D'idjo Aire De Santé",1,0,"2026-05-23",0,337,0
"it Ituri Province","It Dabu Aire De Santé",1,0,"2026-06-13",0,338,0
"it Ituri Province","It Dala Aire De Santé",1,0,"2026-06-10",0,339,0
"it Ituri Province","It Dhuadhua Aire De Santé",1,0,"2026-06-23",1,340,0
"it Ituri Province","It Djugu Aire De Santé",1,0,"2026-06-15",0,341,0
"it Ituri Province","It Djuru Aire De Santé",1,0,"2026-06-23",1,342,0
"it Ituri Province","It Dzna Aire De Santé",1,0,"2026-06-01",0,343,0
"it Ituri Province","It Iga Mission Aire De Santé",1,0,"2026-06-11",0,344,0
"it Ituri Province","It Jalusene Aire De Santé",1,0,"2026-06-17",1,345,0
"it Ituri Province","It Kabakaba Aire De Santé",1,0,"2026-06-06",0,346,0
"it Ituri Province","It Kambala Aire De Santé",1,0,"2026-06-17",1,347,0
"it Ituri Province","It Kayi Aire De Santé",1,0,"2026-06-18",1,348,0
"it Ituri Province","It Keli Aire De Santé",1,0,"2026-06-18",1,349,0
"it Ituri Province","It Kerekere Aire De Santé",1,0,"2026-06-23",1,350,0
"it Ituri Province","It Kikoga Aire De Santé",1,0,"2026-06-23",1,351,0
"it Ituri Province","It Kpalo Aire De Santé",1,0,"2026-06-06",0,352,0
"it Ituri Province","It Kpandroma Aire De Santé",1,0,"2026-06-15",0,353,0
"it Ituri Province","It Kpanga Aire De Santé",1,0,"2026-06-13",0,354,0
"it Ituri Province","It Kumbuku Aire De Santé",1,0,"2026-06-23",1,355,0
"it Ituri Province","It Laudjo Aire De Santé",1,0,"2026-06-23",1,356,0
"it Ituri Province","It Loga Aire De Santé",1,0,"2026-06-06",0,357,0
"it Ituri Province","It Lonyo Aire De Santé",1,0,"2026-05-24",0,358,0
"it Ituri Province","It Luma Aire De Santé",1,0,"2026-06-01",0,359,0
"it Ituri Province","It Mahagi Mission Aire De Santé",1,0,"2026-06-18",1,360,0
"it Ituri Province","It Mahagi Port Etat Aire De Santé",1,0,"2026-05-24",0,361,0
"it Ituri Province","It Makayanga Aire De Santé",1,0,"2026-06-07",0,362,0
"it Ituri Province","It Makeke Aire De Santé",1,0,"2026-06-20",1,363,0
"it Ituri Province","It Mandibe Aire De Santé",1,0,"2026-06-04",0,364,0
"it Ituri Province","It Mandro Aire De Santé",1,0,"2026-06-22",1,365,0
"it Ituri Province","It Manya Aire De Santé",1,0,"2026-06-16",0,366,0
"it Ituri Province","It Masikini Aire De Santé",1,0,"2026-06-21",1,367,0
"it Ituri Province","It Mere Apoline Aire De Santé",1,0,"2026-05-16",0,368,0
"it Ituri Province","It Mutumbi Aire De Santé",1,0,"2026-06-15",0,369,0
"it Ituri Province","It Ndjanga Aire De Santé",1,0,"2026-06-20",1,370,0
"it Ituri Province","It Ndjubu Aire De Santé",1,0,"2026-06-13",0,371,0
"it Ituri Province","It Ngbeku Aire De Santé",1,0,"2026-06-23",1,372,0
"it Ituri Province","It Ngeria Aire De Santé",1,0,"2026-06-23",1,373,0
"it Ituri Province","It Nioka Aire De Santé",1,0,"2026-06-19",1,374,0
"it Ituri Province","It Nyaa Aire De Santé",1,0,"2026-05-27",0,375,0
"it Ituri Province","It Obitabo Aire De Santé",1,0,"2026-06-23",1,376,0
"it Ituri Province","It Ofay Aire De Santé",1,0,"2026-06-15",0,377,0
"it Ituri Province","It Ofoo Poe",1,0,"2026-06-14",0,378,0
"it Ituri Province","It Onzari Aire De Santé",1,0,"2026-06-18",1,379,0
"it Ituri Province","It Ovisoni Aire De Santé",1,0,"2026-06-23",1,380,0
"it Ituri Province","It Panyabio Aire De Santé",1,0,"2026-06-02",0,381,0
"it Ituri Province","It Penyi Aire De Santé",1,0,"2026-06-11",0,382,0
"it Ituri Province","It Rigo Aire De Santé",1,0,"2026-06-14",0,383,0
"it Ituri Province","It Rinyi Aire De Santé",1,0,"2026-06-23",1,384,0
"it Ituri Province","It Sarara Aire De Santé",1,0,"2026-06-23",1,385,0
"it Ituri Province","It Sii Aire De Santé",1,0,"2026-06-10",0,386,0
"it Ituri Province","It Tchele Aire De Santé",1,0,"2026-06-15",0,387,0
"it Ituri Province","It Tobola Aire De Santé",1,0,"2026-06-12",0,388,0
"it Ituri Province","It Tofu Aire De Santé",1,0,"2026-06-23",1,389,0
"it Ituri Province","It Turumu Aire De Santé",1,0,"2026-06-23",1,390,0
"it Ituri Province","It Wighi Aire De Santé",1,0,"2026-06-17",1,391,0
"it Ituri Province","It Wilii Aire De Santé",1,0,"2026-06-17",1,392,0
"kn Kinshasa Province","Kn Adoula Aire De Santé",1,0,"2025-09-22",0,393,0
"kn Kinshasa Province","Kn Industriel 2 Aire De Santé",1,0,"2026-05-30",0,394,0
"kn Kinshasa Province","Kn Ndolo Aire De Santé",1,0,"2026-05-27",0,395,0
"kn Kinshasa Province","Kn Onl Aire De Santé",1,0,"2026-05-29",0,396,0
"kn Kinshasa Province","Kn Yolo Sud 2 Aire De Santé",1,0,"2026-05-30",0,397,0
"ks Kasai Province","Ks Bambakfu Aire De Santé",1,0,"2025-11-04",0,398,0
"ks Kasai Province","Ks Batua Ishama Aire De Santé",1,0,"2025-11-24",0,399,0
"ks Kasai Province","Ks Bulangu Kapimbi Aire De Santé",1,0,"2025-10-30",0,400,0
"ks Kasai Province","Ks Bupu Aire De Santé",1,0,"2025-11-08",0,401,0
"ks Kasai Province","Ks Ifaf Aire De Santé",1,0,"2025-09-27",0,402,0
"ks Kasai Province","Ks Ilebo Ndjare Aire De Santé",1,0,"2025-11-09",0,403,0
"ks Kasai Province","Ks Lubanga Aire De Santé",1,0,"2025-09-27",0,404,0
"ks Kasai Province","Ks Luebo Cité 1 Aire De Santé",1,0,"2025-11-30",0,405,0
"ks Kasai Province","Ks Malongo 2 Aire De Santé",1,0,"2025-09-27",0,406,0
"ks Kasai Province","Ks Mapeyi Aire De Santé",1,0,"2025-09-27",0,407,0
"ks Kasai Province","Ks Mashashana Aire De Santé",1,0,"2025-10-31",0,408,0
"ks Kasai Province","Ks Tshikapa Aire De Santé",1,0,"2025-11-15",0,409,0
"nk Nord Kivu Province","Nk Bundji Aire De Santé",1,0,"2026-06-18",1,410,0
"nk Nord Kivu Province","Nk Kambuli Aire De Santé",1,0,"2026-05-25",0,411,0
"nk Nord Kivu Province","Nk Kasabinyole Aire De Santé",1,0,"2026-06-23",1,412,0
"nk Nord Kivu Province","Nk Kasongwere Aire De Santé",1,0,"2026-06-13",0,413,0
"nk Nord Kivu Province","Nk Katoyi Aire De Santé",1,0,"2026-06-21",1,414,0
"nk Nord Kivu Province","Nk Kighali Aire De Santé",1,0,"2026-06-18",1,415,0
"nk Nord Kivu Province","Nk Kishanga Aire De Santé",1,0,"2026-04-29",0,416,0
"nk Nord Kivu Province","Nk Lubango Aire De Santé",1,0,"2026-06-21",1,417,0
"nk Nord Kivu Province","Nk Luseke Aire De Santé",1,0,"2026-06-13",0,418,0
"nk Nord Kivu Province","Nk Madrandele Aire De Santé",1,0,"2026-06-23",1,419,0
"nk Nord Kivu Province","Nk Majengo Aire De Santé",1,0,"2026-06-08",0,420,0
"nk Nord Kivu Province","Nk Misebere Aire De Santé",1,0,"2026-06-17",1,421,0
"nk Nord Kivu Province","Nk Mitoya Aire De Santé",1,0,"2026-06-11",0,422,0
"nk Nord Kivu Province","Nk Méthodiste Unis De Majengo Aire De Santé",1,0,"2026-06-21",1,423,0
"nk Nord Kivu Province","Nk Ngangi Iii Aire De Santé",1,0,"2026-06-14",0,424,0
"nk Nord Kivu Province","Nk Ngilinga Aire De Santé",1,0,"2026-06-23",1,425,0
"nk Nord Kivu Province","Nk Ngitse Aire De Santé",1,0,"2026-06-14",0,426,0
"nk Nord Kivu Province","Nk Nkasa Aire De Santé",1,0,"2026-05-28",0,427,0
"nk Nord Kivu Province","Nk Nzuma Aire De Santé",1,0,"2026-06-22",1,428,0
"nk Nord Kivu Province","Nk Pakanza Aire De Santé",1,0,"2026-05-31",0,429,0
"nk Nord Kivu Province","Nk Rwangoma Aire De Santé",1,0,"2026-06-23",1,430,0
"nk Nord Kivu Province","Nk Supa Aire De Santé",1,0,"2026-06-12",0,431,0
"nk Nord Kivu Province","Nk Tenambo Aire De Santé",1,0,"2026-05-19",0,432,0
"nk Nord Kivu Province","Nk Tuungane Aire De Santé",1,0,"2026-06-17",1,433,0
"nk Nord Kivu Province","Nk Vulamba Aire De Santé",1,0,"2026-05-27",0,434,0
"nk Nord Kivu Province","Nk Vutike Aire De Santé",1,0,"2026-06-15",0,435,0
"nk Nord Kivu Province","Nk Wayene Aire De Santé",1,0,"2026-06-18",1,436,0
"sk Sud Kivu Province","Sk Bagira Aire De Santé",1,0,"2026-06-07",0,437,0
"sk Sud Kivu Province","Sk Ceca40 Nguba Aire De Santé",1,0,"2026-06-07",0,438,0
"sk Sud Kivu Province","Sk Chibumbiro Aire De Santé",1,0,"2026-06-21",1,439,0
"sk Sud Kivu Province","Sk Ciriri 2 Aire De Santé",1,0,"2026-05-25",0,440,0
"sk Sud Kivu Province","Sk Kashusha Aire De Santé",1,0,"2026-06-09",0,441,0
"sk Sud Kivu Province","Sk Makoma Aire De Santé",1,0,"2026-06-11",0,442,0
"sk Sud Kivu Province","Sk Mukongola Aire De Santé",1,0,"2026-06-13",0,443,0
"sk Sud Kivu Province","Sk Munya Aire De Santé",1,0,"2026-05-28",0,444,0
"sk Sud Kivu Province","Sk Murhesa Aire De Santé",1,0,"2026-06-07",0,445,0
"sk Sud Kivu Province","Sk Numbi Aire De Santé",1,0,"2026-05-31",0,446,0
"sk Sud Kivu Province","Sk Nyantende Aire De Santé",1,0,"2026-05-21",0,447,0
"sk Sud Kivu Province","Sk Panzi Aire De Santé",1,0,"2026-06-11",0,448,0
